a_star,r_over_M,r_over_r_isco,F_dimensionless_Mdot_c2_over_rg2,T_eff_K_50Msun_0p1Edd,E_tilde,L_tilde_over_M,Omega_M,v_local_static_c,F_SS73_dimensionless
0.0,6.000005999999999,1.000001,5.532219911735987e-16,5791.4025360199075,0.9428090415501063,3.4641016141966796,0.06804127967740253,0.49999962500042194,2.763096288862275e-10
0.0,6.2635807241861965,1.0439301206976994,8.202376992557652e-07,1136432.9693060261,0.943009289419345,3.467172897264288,0.06379196522720026,0.4842980885543965,1.033039916169057e-05
0.0,6.538734042665436,1.089789007110906,2.6480658807507393e-06,1523319.8086275281,0.9435478653400178,3.475919509218196,0.05980802899124133,0.4693887024265588,1.7967448157126097e-05
0.0,6.825974592395293,1.1376624320658821,4.830845835441881e-06,1770372.6336622199,0.9443471121970342,3.4897444602479326,0.05607289756753056,0.45520548289078355,2.3438890486799982e-05
0.0,7.1258333542852945,1.1876388923808825,6.991820858216932e-06,1941808.8057847987,0.9453460429607654,3.5081634565510007,0.052571032596283915,0.44169019508427343,2.7180205626610768e-05
0.0,7.438864634746104,1.2398107724576841,8.926994469381395e-06,2064121.2719848594,0.94649641083984,3.5307803849552366,0.04928786611946539,0.428791211022288,2.9549950367336366e-05
0.0,7.76564709035726,1.2942745150595434,1.053948920124562e-05,2151611.13861026,0.9477598174684737,3.557269025859267,0.046209739977250586,0.41646256722181496,3.0842451328057576e-05
0.0,8.106784797547595,1.3511307995912658,1.17975771539245e-05,2213130.888610854,0.9491055546990497,3.587359211757496,0.043323848989302985,0.40466318191374395,3.129848881271433e-05
0.0,8.462908369265767,1.4104847282109612,1.2707831205721245e-05,2254637.6371554495,0.9505089733575319,3.6208262118623047,0.04061818768449315,0.3933562008130849,3.111428111559082e-05
0.0,8.83467612070506,1.47244602011751,1.329801800550826e-05,2280371.592903602,0.9519502361280335,3.65748249321287,0.03808150035745419,0.38250844718320187,3.0449031751478714e-05
0.0,9.222775286237432,1.5371292143729054,1.3606304009819554e-05,2293474.6050174413,0.9534133542032786,3.6971712564437045,0.03570323424420528,0.3720899570704349,2.9431262387627518e-05
0.0,9.627923289806313,1.6046538816343856,1.3674564891964975e-05,2296345.717721251,0.954885436118473,3.7397613134102112,0.03347349562205171,0.3620735845247719,2.8164120468560427e-05
0.0,10.050869071126623,1.6751448451877706,1.3544361477583946e-05,2290859.883208577,0.9563560970121054,3.7851429910869574,0.03138300865113404,0.35243466466581597,2.6729821781053004e-05
0.0,10.492394470143525,1.7487324116905876,1.3254641640211275e-05,2278509.7467657235,0.9578169904209917,3.833224828684085,0.029423076786405163,0.3431507248229826,2.5193363761636543e-05
0.0,10.953315672309131,1.8255526120515218,1.2840549619946022e-05,2260501.4838877167,0.9592614345459344,3.883930893847592,0.02758554659950699,0.33420123583725403,2.3605624568066013e-05
0.0,11.434484717348955,1.9057474528914924,1.233293508178188e-05,2237821.821656892,0.9606841119819658,3.9371985864173786,0.025862773860043233,0.32556739707923105,2.2005945277288346e-05
0.0,11.936791074307017,1.9894651790511695,1.1758293297978955e-05,2211286.249533376,0.9620808270345977,3.992976829397105,0.024247591735145034,0.3172319499044129,2.042427757292482e-05
0.0,12.461163285781266,2.076860547630211,1.113896011776446e-05,2181574.5339970267,0.9634483085094383,4.051224569860326,0.022733280975037334,0.309179015199115,1.888296655034251e-05
0.0,13.008570684388692,2.168095114064782,1.0493446750744775e-05,2149257.415567171,0.9647840486566489,4.111909529763396,0.02131354196057668,0.30139395142038233,1.739822746020634e-05
0.0,13.580025184633262,2.2633375307722106,9.836840413824363e-06,2114817.0326518593,0.9660861710444119,4.175007159651892,0.01998246849647606,0.29386323013971355,1.598136604467577e-05
0.0,14.176583153488844,2.3627638589148074,9.181224164192153e-06,2078662.7852759191,0.9673533217168288,4.240499758159668,0.018734523241195792,0.2865743265934277,1.4639784349156818e-05
0.0,14.799347363155217,2.466557893859203,8.53608748381792e-06,2041143.8249405527,0.9685845791963552,4.308375727811942,0.01756451467128669,0.27951562314527517,1.337780730788873e-05
0.0,15.449469029596774,2.5749115049327957,7.90871111318352e-06,2002559.0039461853,0.9697793798157947,4.378628943536152,0.016467575484356494,0.27267632389752755,1.2197359825650347e-05
0.0,16.128149940632394,2.688024990105399,7.304517576614116e-06,1963164.8870598415,0.9709374555801834,4.451258214879327,0.015439142350814231,0.26604637895940614,1.1098519358864305e-05
0.0,16.83664467751029,2.806107446251715,6.727383838100027e-06,1923182.2631051263,0.9720587823158948,4.52626682653924,0.01447493693015886,0.2596164171075,1.0079965008197823e-05
0.0,17.57626293407466,2.9293771556791097,6.1799157646048865e-06,1882801.4841248763,0.9731435363007971,4.603662144669286,0.013570948072838663,0.2533776857605793,9.139340761430537e-06
0.0,18.34837193781113,3.0580619896351884,5.6636859576720904e-06,1842186.876849883,0.9741920579135129,4.683455278686292,0.012723415133640354,0.24732199734797627,8.27354767627563e-06
0.0,19.154398977246476,3.1923998295410794,5.179437611201352e-06,1801480.4134904586,0.9752048211127575,4.765660790126529,0.011928812327190496,0.2414416812820813,7.478977388350442e-06
0.0,19.99583404037476,3.3326390067291265,4.727257592205672e-06,1760804.7864549463,0.9761824077753942,4.850296441556577,0.011183834060487167,0.23572954085600525,6.751697301852636e-06
0.0,20.87423256898702,3.4790387614978364,4.306722109497856e-06,1720265.9988573664,0.9771254860962786,4.937382979728231,0.010485381181444554,0.23017881448073463,6.087596112107623e-06
0.0,21.79121833399614,3.63186972233269,3.9170182972001544e-06,1679955.5588678073,0.9780347923934467,5.026943948128169,0.009830548086243477,0.2247831407550973,5.482496871057897e-06
0.0,22.748486437072074,3.791414406178679,3.5570448713031804e-06,1639952.3482833526,0.9789111157758836,5.1190055248589506,0.009216610631853776,0.21953652692897366,4.932243597378559e-06
0.0,23.747806444136195,3.957967740689366,3.2254947594434794e-06,1600324.2206131858,0.979755285223501,5.213596382433118,0.008641014803443875,0.21443332037738694,4.432766416909421e-06
0.0,24.791025656507042,4.131837609417841,2.920922333949306e-06,1561129.374095601,0.9805681587043404,5.310747566594056,0.008101366089533444,0.209468182752008,3.980129366519363e-06
0.0,25.88007252574463,4.313345420957439,2.6417975820735057e-06,1522417.5358241335,0.9813506140158121,5.41049239171802,0.0075954195206889945,0.204636066518523,3.5705642799327415e-06
0.0,27.016960218505584,4.502826703084264,2.3865492701405e-06,1484230.9869060882,0.9821035410875858,5.5128663507179345,0.0071210703303230165,0.1999321936243563,3.2004935758897605e-06
0.0,28.203790337999138,4.700631722999856,2.15359889030878e-06,1446605.452825801,0.9828278355256962,5.617907037675501,0.006676345198744899,0.19535203607229834,2.8665442690082213e-06
0.0,29.442756808923253,4.907126134820542,1.9413869396228135e-06,1409570.8794859764,0.9835243932121793,5.725654081684286,0.006259394044038449,0.19089129820243808,2.5655551063861823e-06
0.0,30.736149933062343,5.1226916555103905,1.7483928582377653e-06,1373152.1115122903,0.9841941058034183,5.836149090602023,0.005868482325615595,0.18654590050805545,2.2945783852315914e-06
0.0,32.08636062304373,5.347726770507289,1.5731497588163349e-06,1337369.4865617962,0.9848378569944559,5.949435603592082,0.005501983828428596,0.18231196483133014,2.0508777175422774e-06
0.0,33.49588482207913,5.582647470346521,1.4142549105453205e-06,1302239.3577288673,0.9854565194366588,6.065559051488051,0.005158373897822658,0.17818580080230548,1.8319227677177993e-06
0.0,34.96732811786118,5.82788801964353,1.2703767872256575e-06,1267774.5536053875,0.9860509522129868,6.184566724146061,0.004836223096885622,0.17416389339988977,1.6353817900471245e-06
0.0,36.503410559144314,6.083901759857386,1.1402593610049875e-06,1233984.784377594,0.9866219987893211,6.306507744060911,0.004534191259908858,0.17024289152709002,1.4591126286003666e-06
0.0,38.106971683913535,6.351161947318922,1.0227242112531826e-06,1200877.0011265548,0.9871704853722604,6.431433045617181,0.00425102191722147,0.1664195975044278,1.3011527065219234e-06
0.0,39.780975768435916,6.630162628072653,9.166709209485553e-07,1168455.7141599285,0.9876972196139012,6.559395359428139,0.003985537068204801,0.1626909573958103,1.1597084203250749e-06
0.0,41.52851730689825,6.921419551149708,8.210761526005769e-07,1136723.2756983985,0.9882029896126888,6.690449201285327,0.0037366322807426532,0.15905405209020698,1.0331442635239126e-06
0.0,43.352826731760054,7.225471121960009,7.349917251992855e-07,1105680.13125012,0.9886885631666836,6.824650865302138,0.003503272096720681,0.15550608907049032,9.19971929441717e-07
0.0,45.25727638539633,7.542879397566055,6.575419554105334e-07,1075325.0434984283,0.9891546872417839,6.962058420886887,0.003284485724461574,0.1520443948078664,8.188395824768908e-07
0.0,47.24538675406917,7.874231125678196,5.879204764293988e-07,1045655.291857149,0.989602087622703,7.102731713226136,0.003079363000176303,0.14866640772657835,7.285214381138814e-07
0.0,49.32083297575197,8.220138829291995,5.253867074508622e-07,1016666.8507901237,0.9900314687190183,7.2467323669982875,0.002887050601630833,0.1453696716891078,6.47907752545911e-07
0.0,51.48745163383619,8.581241938972697,4.6926211073067903e-07,988354.5490903029,0.9904435135024481,7.394123793071661,0.0027067484982769667,0.14215182995702477,5.759952912613397e-07
0.0,53.74924784927975,8.958207974879958,4.189263457247767e-07,960712.2125043609,0.9908388835548257,7.544971197971192,0.002537706623079606,0.1390106195870118,5.118783209413761e-07
0.0,56.11040268430648,9.351733780717746,3.738134049596061e-07,933732.7913778159,0.9912182192090655,7.699341595923861,0.00237922175219512,0.13594386622549204,4.547401493590956e-07
0.0,58.5752808713437,9.762546811890617,3.3340779733896704e-07,907408.4750535887,0.9915821397678641,7.857303823316044,0.002230634579520026,0.13294947926876627,4.038452226870152e-07
0.0,61.14843888148459,10.191406480247432,2.972408283468766e-07,881730.794526443,0.9919312437869724,8.018928555415977,0.002091326973939996,0.1300254473586787,3.5853177790471394e-07
0.0,63.83463334739074,10.639105557898457,2.648870132477062e-07,856690.7145298218,0.992266109411685,8.184288325232307,0.001960719407869163,0.1271698341866099,3.1820503917744593e-07
0.0,66.6388298562052,11.106471642700868,2.3596064887494625e-07,832278.7161027644,0.99258729475676,8.353457544395416,0.0018382685463822963,0.12438077458109276,2.823309405947264e-07
0.0,69.56621212872963,11.594368688121605,2.1011256142494957e-07,808484.8708672498,0.9928953383213293,8.526512525961952,0.001723464986910535,0.12165647085658474,2.504303530538848e-07
0.0,72.62219160183487,12.103698600305812,1.8702704020555633e-07,785298.9076474045,0.9931907594315305,8.703531509055464,0.0016158311400976256,0.11899518940294142,2.2207378996751423e-07
0.0,75.8124174318175,12.635402905302916,1.6641896236909895e-07,762710.2722740981,0.9934740587046028,8.884594685266803,0.0015149192430009642,0.11639525749694925,1.9687656455300915e-07
0.0,79.14278693719466,13.190464489532443,1.4803110945004645e-07,740708.1813863788,0.9937457185290679,9.06978422674781,0.0014203094963722148,0.11385506031890506,1.7449437047034826e-07
0.0,82.61945650024143,13.769909416706904,1.3163167297661226e-07,719281.6706068092,0.9940062035563759,9.25918431594048,0.0013316083182684862,0.11137303815870386,1.546192573014006e-07
0.0,86.24885294742239,14.3748088245704,1.1701194443837327e-07,698419.637850537,0.9942559612000593,9.452881176891594,0.0012484467067290005,0.10894768379722675,1.369759726395375e-07
0.0,90.03768542975544,15.00628090495924,1.0398418281024924e-07,678110.8821581036,0.9944954221390131,9.650963108109806,0.0011704787047058822,0.10657754005002336,1.2131864324388668e-07
0.0,93.99295782506826,15.66549297084471,9.237965167934094e-08,658344.1384649561,0.9947250008220113,9.853520516928402,0.0010973799608631149,0.1042611974613746,1.07427768696619e-07
0.0,98.12198168507558,16.353663614179265,8.204681724439687e-08,639108.1087614679,0.9949450959710149,10.060645955342842,0.0010288463802564682,0.10199729213780712,9.510750219478019e-08
0.0,102.43238975120865,17.072064958534774,7.284969788051663e-08,620391.4899331883,0.9951560910811889,10.272434157296935,0.0009645928592811899,0.09978450371103079,8.418319443927099e-08
0.0,106.93215006418295,17.822025010697157,6.46663558188255e-08,602182.9986819361,0.9953583549158895,10.488982077396635,0.0009043520996247472,0.09762155342108307,7.44991779964539e-08
0.0,111.62958069338632,18.604930115564386,5.7387521349594565e-08,584471.3936683903,0.9955522419951526,10.710388931034242,0.0008478734962905959,0.09550720231120635,6.591677095874505e-08
0.0,116.53336511331534,19.42222751888589,5.0915340242510356e-08,567245.4952882457,0.995738093076473,10.936756235909952,0.000794922095067101,0.09344024952665972,5.831248018561672e-08
0.0,121.6525682554841,20.275428042580682,4.5162235188480405e-08,550494.203178302,0.9959162356268746,11.16818785494103,0.0007452776151046161,0.09141953071028121,5.1576385840086415e-08
0.0,126.99665326547935,21.16610887757989,4.0049872509884125e-08,534206.5117532918,0.9960869842854567,11.404790040552284,0.0006987335325345775,0.0894439164881782,4.561069032897947e-08
0.0,132.57549899613673,22.09591649935612,3.550822572521577e-08,518371.52392253117,0.9962506413157692,11.646671480344283,0.0006550962213184337,0.08751231103943684,4.032841609434736e-08
0.0,138.39941826917646,23.06656971152941,3.147472800843227e-08,502978.4631416415,0.996407497047506,11.89394334413874,0.0006141841477522794,0.08562365074420918,3.565223797893952e-08
0.0,144.4791769390558,24.07986282317597,2.7893506054097774e-08,488016.6839672144,0.996557830307125,12.14671933240277,0.0005758271152762919,0.0837769029049664,3.151343709452225e-08
0.0,150.826013794279,25.137668965713164,2.4714688326841146e-08,473475.68125895574,0.9967019088371176,12.405115726056339,0.0005398655564473325,0.08197106453609845,2.785096425468993e-08
0.0,157.45166133295336,26.241943555492227,2.189378114668128e-08,459345.09816551645,0.9968399897037298,12.669251437669201,0.0005061498691292816,0.08020516121740093,2.461060209228532e-08
0.0,164.36836745099583,27.394727908499306,1.9391106517277957e-08,445614.7329659655,0.9969723196930249,12.939248064055786,0.00047453979413962033,0.07847824600732001,2.1744215965876873e-08
0.0,171.5889180830838,28.5981530138473,1.7171296073348044e-08,432274.54489522515,0.9970991356952369,13.21522994027843,0.00044490383176322597,0.07678939841212915,1.920908467136721e-08
0.0,179.12666083820045,29.85444347303341,1.5202835957511333e-08,419314.65908712446,0.9972206650774286,13.497324195071078,0.00041711869470605946,0.07513772340749054,1.6967302816047694e-08
0.0,186.99552967346878,31.165921612244798,1.3457657831169116e-08,406725.37062934734,0.9973371260445093,13.785660807697335,0.00039106879521298753,0.07352235050910949,1.4985247486201128e-08
0.0,195.21007065188383,32.53501177531397,1.1910771651369158e-08,394497.14791528176,0.9974487279887186,14.080372666258432,0.000366645764216129,0.07194243288942616,1.3233102549061607e-08
0.0,203.78546883155886,33.96424480525981,1.0539936182854592e-08,382620.63526485144,0.9975556718277049,14.381595627468089,0.0003437480005133491,0.07039714653750627,1.1684434579186788e-08
0.0,212.73757633619016,35.45626272269836,9.325363587967693e-09,371086.6549511992,0.9976581503313698,14.689468577912779,0.00032228024810146535,0.06888568945949221,1.0315814991852532e-08
0.0,222.08294165863336,37.013823609772224,8.249454745414478e-09,359886.2086663456,0.9977563484376654,15.004133496817461,0.00030215319990583764,0.06740728091715976,9.10648350574491e-09
0.0,231.83884025175698,38.63980670862616,7.296562252910319e-09,349010.478468155,0.9978504435575533,15.325735520337888,0.00028328312625784484,0.06596116070229789,8.038048547775267e-09
0.0,242.02330646312484,40.33721774385414,6.452778349882092e-09,338450.8272785057,0.9979406058693536,15.654423007402219,0.0002655915265746869,0.06454658844478367,7.094220657958044e-09
0.0,252.6551668725393,42.10919447875655,5.70574524848409e-09,328198.7989547522,0.9980269986027225,15.990347607125768,0.0002490048027924824,0.06316284295237207,6.260575355525287e-09
0.0,263.7540750940725,43.95901251567875,5.044485602566354e-09,318246.118019247,0.9981097783125027,16.333664327824017,0.00023345395319412392,0.061809221580352874,5.524342292197776e-09
0.0,275.340548106917,45.89009135115284,4.45925105238447e-09,308584.6890232301,0.9981890951427141,16.684531607650133,0.00021887428535820056,0.060485039629352706,4.874217848009316e-09
0.0,287.4360041822204,47.90600069703674,3.941386989831671e-09,299206.59563185344,0.9982650930809356,17.04311138688459,0.0002052051470348319,0.05918962976967371,4.300198622316204e-09
0.0,300.0628024760073,50.010467079334546,3.4832118631561635e-09,290104.09942417813,0.9983379102033508,17.409569181905447,0.00019238967382885044,0.05792234149066882,3.7934335404556945e-09
0.0,313.2442843613838,52.2073807268973,3.077909509890966e-09,281269.6384747668,0.9984076789107249,17.78407416086907,0.0001803745526406735,0.05668254057375072,3.3460925375840926e-09
0.0,327.0048165764273,54.500802762737884,2.7194331523125097e-09,272695.8257029853,0.9984745261555777,18.16679922113226,0.00016910979988076768,0.05546960858772404,2.9512499979797496e-09
0.0,341.3698362675225,56.89497271125375,2.402419830208247e-09,264375.4470499374,0.9985385736608262,18.557921068447648,0.00015854855353506528,0.05428294240521546,2.602781322800161e-09
0.0,356.36589801141093,59.39431633523515,2.1221141661186e-09,256301.4594749396,0.9985999381301577,18.95762029796569,0.00014864687821631225,0.053121953739054574,2.295271174020969e-09
0.0,372.02072290287333,62.003453817145555,1.8743004724519514e-09,248466.98880578938,0.9986587314504002,19.366081477077163,0.0001393635823903519,0.05198606869753274,2.0239320989716986e-09
0.0,388.3632497987921,64.72720829979868,1.6552423109762734e-09,240865.32748083383,0.9987150608861507,19.783493230131718,0.00013066004701699162,0.050874727357533976,1.7845323802703618e-09
0.0,405.423688813315,67.57061480221917,1.4616287045764438e-09,233489.93214576415,0.9987690292669155,20.210048325068694,0.00012250006489259382,0.04978738335459673,1.5733320816480827e-09
0.0,423.23357716301325,70.53892952716888,1.2905262876820175e-09,226334.42118711793,0.9988207351670184,20.645943761997636,0.00011484969002604295,0.04872350348902302,1.3870263726035947e-09
0.0,441.825837465266,73.63763957754433,1.1393367524764866e-09,219392.57216030254,0.9988702730785206,21.09138086376718,0.00010767709642148625,0.04768256734720705,1.2226953153636514e-09
0.0,461.23483859763905,76.87247309960651,1.0057590180424645e-09,212658.3191679574,0.9989177335773972,21.54656536856183,0.00010095244568037514,0.0466640669374062,1.0777593874534471e-09
0.0,481.496459230758,80.24940987179299,8.877556076561102e-10,206125.75014670176,0.9989632034832048,22.0117075245673,9.464776287202594e-05,0.045667506339224916,9.499400933934343e-10
0.0,502.64815415212587,83.77469235868764,7.835227767017331e-10,199789.10415795818,0.999006766012473,22.48702218674643,8.873682015631145e-05,0.04469240136612603,8.372250906236617e-10
0.0,524.729023503481,87.45483725058017,6.914639788039691e-10,193642.768596277,0.9990485009260455,22.97272891576845,8.319502767435047e-05,0.043738279240326215,7.378373186075597e-10
0.0,547.7798850596898,91.2966475099483,6.101663049036763e-10,187681.2763918253,0.9990884846705864,23.469052079135675,7.799933125329202e-05,0.04280467827946973,6.502076769897418e-10
0.0,571.8433496827842,95.30722494713069,5.383795673165663e-10,181899.30318199,0.9991267905144697,23.97622095455285,7.312811649964123e-05,0.041891147594511444,5.729508494041064e-10
0.0,596.9639000906254,99.49398334843757,4.749977370059757e-10,176291.66448249845,0.9991634886782556,24.494469835585495,6.856111888214929e-05,0.04099724679827329,5.048439147034423e-10
0.0,623.1879730858035,103.86466218096724,4.190424731464522e-10,170853.31283650905,0.999198646459956,25.024038139654703,6.427933943020755e-05,0.040122545724169706,4.4480742759862966e-10
0.0,650.564045396772,108.42734089946201,3.696485130877407e-10,165579.33498116542,0.9992323283552857,25.56517051841694,6.026496569704629e-05,0.03926662415462725,3.9188868648329284e-10
0.0,679.1427232899124,113.19045388165206,3.260507152455693e-10,160464.94899600203,0.9992645961730837,26.11811697057908,5.6501297658939556e-05,0.03842907155875018,3.4524693805323026e-10
0.0,708.9768361181664,118.1628060196944,2.875725709889813e-10,155505.50148686962,0.9992955091460928,26.683132957199117,5.297267824215409e-05,0.03760948683881059,3.041402966351477e-10
0.0,740.1215339791772,123.35358899652954,2.5361602084770545e-10,150696.4647638626,0.9993251240372707,27.260479519525457,4.9664428188629435e-05,0.03680747808516435,2.679141812977223e-10
0.0,772.6343896634592,128.77239827724318,2.2365242915587572e-10,146033.43405017842,0.9993534952418066,27.850423399427786,4.656278498942729e-05,0.036022662339217706,2.3599109617185467e-10
0.0,806.575505081063,134.42925084684384,1.9721458689105869e-10,141512.12470782112,0.999380674885006,28.45323716247474,4.365484563190873e-05,0.03525466536408918,2.0786159926191337e-10
0.0,842.0076223634596,140.33460372724326,1.7388962703707918e-10,137128.36948698293,0.9994067129162048,29.069199323714027,4.0928512922465994e-05,0.03450312142263238,1.8307632265953415e-10
0.0,878.9962398460293,146.49937330767156,1.533127496022316e-10,132878.11580698783,0.9994316571988692,29.69859447621266,3.837244516150688e-05,0.03376767306250252,1.6123892272048082e-10
0.0,917.6097331455561,152.93495552425935,1.3516166479199233e-10,128757.42306651545,0.9994555535970258,30.341713422415868,3.5976008961337446e-05,0.033047970907967614,1.4199985265169535e-10
0.0,957.9194815565426,159.65324692609042,1.1915167306462816e-10,124762.4599876581,0.9994784460581702,30.998853308384692,3.372923501066269e-05,0.03234367345818077,1.250508622748114e-10
0.0,1000.0,166.66666666666666,1.050313098406419e-10,120889.50199213224,0.999500376692789,31.67031776097381,3.162277660168279e-05,0.03165444689164592,1.1012014065799902e-10
0.5,4.233006762533355,1.000001,1.937617758147576e-15,7922.749407371668,0.917882006660961,2.902866153237084,0.10858820494149209,,7.868721721801191e-10
0.5,4.431932003595506,1.046994886650051,3.1743527005599985e-06,1593942.6371121544,0.9182361035948251,2.906270582995087,0.10172762359496093,,3.112688756853199e-05
0.5,4.640205505539705,1.0961971964741566,9.941671692910485e-06,2120429.0594881233,0.9191714665665726,2.9158004865500677,0.09527865764831059,,5.3625477837150824e-05
0.5,4.858266579038908,1.1477117117568518,1.763584661880968e-05,2447135.2412942867,0.920535126674786,2.93061492978395,0.0892193052475616,,6.929312501833762e-05
0.5,5.086575179661393,1.2016470919107092,2.4869852499339254e-05,2666718.6331894672,0.9222123548045619,2.9500638164884943,0.08352840517188317,,7.959329110971425e-05
0.5,5.325612878053666,1.2581171026713138,3.0991127001306385e-05,2817527.9667593543,0.9241161011815127,2.973638150729238,0.0781856489612001,,8.571433149587841e-05
0.5,5.5758838757159745,1.317240856062987,3.5763241186519944e-05,2920237.078894105,0.9261796972769116,3.000935230666774,0.07317158553073191,,8.861778304473011e-05
0.5,5.837916068513026,1.3791430616414218,3.917840967644898e-05,2987587.2262766236,0.9283517065082043,3.0316337684835615,0.06846761930147899,,8.907852484137921e-05
0.5,6.112262160163148,1.4439542895431752,4.134696842052604e-05,3028097.196968485,0.9305922241173514,3.0654757687346925,0.06405600279058622,,8.771814154409584e-05
0.5,6.399500828054584,1.511811245896866,4.2432703446032235e-05,3047783.1847766144,0.9328701750452274,3.1022531070101715,0.05991982452094297,,8.503260601086614e-05
0.5,6.700237943847973,1.5828570611770005,4.261571143248562e-05,3051064.0788826905,0.9351613120111228,3.1417974400861115,0.05604299302682759,,8.141521822643228e-05
0.5,7.015107851439629,1.6572415921086545,4.2071839813836275e-05,3041282.54347192,0.937446713132819,3.1839725179378218,0.0524102176530151,,7.717558638921593e-05
0.5,7.344774704981213,1.7351217377598134,4.096208164634797e-05,3021025.5467463476,0.9397116413280181,3.228668254263147,0.049006986769365886,,7.255530884238005e-05
0.5,7.689933869778096,1.8166617704881045,3.942788459974997e-05,2992331.8989987876,0.9419446693174492,3.27579610262801,0.045819543952062246,,6.77409085912301e-05
0.5,8.05131338902132,1.9020336824399924,3.758989874490429e-05,2956832.2205591556,0.9441370020449884,3.3252854144414865,0.04283486261670671,,6.287448226222662e-05
0.5,8.429675519446894,1.9914175483332903,3.5548646775339204e-05,2915846.5259839315,0.9462819474979062,3.3770805439620433,0.04004061952761068,,5.806244984333786e-05
0.5,8.825818339161675,2.085001905288231,3.338619211487089e-05,2870454.155904437,0.9483745002370891,3.431138527844193,0.037425167551812646,,5.3382728135526155e-05
0.5,9.240577431027086,2.182984150508241,3.1168248405151724e-05,2821545.0722274757,0.9504110113440429,3.4874272109832387,0.03497750797559956,,4.889059762846919e-05
0.5,9.674827645151582,2.285570957649277,2.8946402338156044e-05,2769858.233694239,0.9523889252038954,3.5459237222542708,0.032687262655395434,,4.4623487876518444e-05
0.5,10.129484944209315,2.3929787127559403,2.6760264514271033e-05,2716010.8064796,0.9543065683960803,3.6066132269299622,0.030544646233617547,,4.0604869032254964e-05
0.5,10.605508335477499,2.505433970683921,2.4639450470297697e-05,2660520.7320260047,0.9561629795114143,3.6694878996414513,0.02854043861321367,,3.684740584697961e-05
0.5,11.10390189366754,2.623173932971466,2.260534788392056e-05,2603824.396765577,0.9579577713338405,3.73454607445896,0.026665957851805863,,3.3355504202479174e-05
0.5,11.625716878816858,2.746446948167881,2.067265770349641e-05,2546290.627748981,0.959691018778376,3.8017915382237075,0.024913033607369364,,3.012735828101428e-05
0.5,12.172053953708486,2.875513035674373,1.8850715549608864e-05,2488231.897381285,0.9613631674463108,3.8712329405098465,0.023273981241871116,,2.715658812378014e-05
0.5,12.74406550549582,3.010644434202201,1.7144609407734837e-05,2429913.377320264,0.9629749587735333,3.942883299139426,0.021741576666974457,,2.443354199363928e-05
0.5,13.342958076429342,3.152126176004964,1.5556114351336348e-05,2371560.317505526,0.964527368600294,4.016759584448947,0.020309031996494715,,2.1946325158803694e-05
0.5,13.969994908812613,3.3002566880962876,1.4084466450072999e-05,2313364.1070191767,0.9660215566472876,4.092882368828269,0.01896997205348064,,1.9681606040636326e-05
0.5,14.626498609555446,3.4553484217210246,1.2726997593979568e-05,2255487.2872692263,0.9674588248921778,4.171275530652482,0.017718411765335815,,1.762524177626014e-05
0.5,15.313853939944698,3.617728511407727,1.1479651542886547e-05,2198067.725401053,0.9688405832382261,4.251966003775706,0.01654873446802962,,1.5762757845501705e-05
0.5,16.033510736517098,3.787739464992525,1.0337399583988559e-05,2141222.109360272,0.970168321178933,4.3349835653798205,0.015455671129950879,,1.4079710258425545e-05
0.5,16.786986969195123,3.9657398860698874,9.29457206737399e-06,2085048.8908199258,0.9714435844092792,4.420360656266551,0.014434280497113039,,1.256195368987477e-05
0.5,17.575871943136395,4.152105230394099,8.345119991485312e-06,2029630.7754576232,0.9726679555301019,4.508132228720698,0.013479930154034104,,1.1195834709391039e-05
0.5,18.401829651050257,4.347228597826957,7.482818841339452e-06,1975036.840103024,0.9738430381486028,4.598335617910481,0.0125882784885086,,9.96832574464354e-06
0.5,19.266602283052627,4.551521561502134,6.701425072912906e-06,1921324.340310595,0.974970443803517,4.691010433470735,0.011755257543502571,,8.867112513307815e-06
0.5,20.172013901462392,4.765415035955153,5.994794032819083e-06,1868540.2599580742,0.9760517812446787,4.786198468468453,0.010977056735391155,,7.88064526101667e-06
0.5,21.119974288290592,4.9893601860501295,5.3569666790054935e-06,1816722.6439827876,0.9770886476786554,4.883943623403539,0.010250107414590934,,6.998162166817181e-06
0.5,22.112482973537833,5.223829378620456,4.78223126686345e-06,1765901.749219138,0.9780826216587456,4.984291843270449,0.009571068242201322,,6.20969165159375e-06
0.5,23.151633452796972,5.469317178830751,4.265165094282864e-06,1716101.0406965874,0.9790352573520201,5.08729106601433,0.008936811354456306,,5.506038989847534e-06
0.5,24.239617603057088,5.726341393361685,3.800660523510983e-06,1667338.0571434416,0.9799480799606461,5.192991180970555,0.008344409285509988,,4.878761531497114e-06
0.5,25.37873030602304,5.995444162618052,3.3839387289475455e-06,1619625.1642909395,0.9808225821113804,5.301443996089152,0.007791122618254608,,4.320135946599618e-06
0.5,26.57137428870253,6.277193104263896,3.010554000434585e-06,1572970.2127592752,0.9816602210573501,5.412703212923326,0.007274388332428083,,3.823120177561863e-06
0.5,27.820065191470988,6.572182510496748,2.6763908893306886e-06,1527377.113646842,0.9824624165612738,5.526824408510282,0.0067918088191470305,,3.3813121917410996e-06
0.5,29.12743687430432,6.8810346015863875,2.3776560461687393e-06,1482846.342971951,0.9832305493500533,5.643865023398027,0.006341141531146622,,2.9889071483633953e-06
0.5,30.496246972371804,7.204400838322183,2.11086623782722e-06,1439375.3851278469,0.9839659600479761,5.7638843551777725,0.005920289238373151,,2.6406542074830294e-06
0.5,31.929382712707678,7.542963296137373,1.8728337210199539e-06,1396959.1228918585,0.9846699485102225,5.886943556971422,0.005527290859117776,,2.3318138987086096e-06
0.5,33.429867004230466,7.897436103808739,1.6606499075095832e-06,1355590.1812329104,0.9853437734904724,6.013105640399925,0.005160312837565418,,2.058116719887738e-06
0.5,35.00086481395574,8.2685669497663,1.4716680502686767e-06,1315259.2308425817,0.98598865258656,6.142435482623462,0.004817641039430533,,1.8157234394824709e-06
0.5,36.64568984285152,8.65713865919027,1.303485513648265e-06,1275955.2563622186,0.9866057624166746,6.274999837100054,0.004497673138235487,,1.6011874215556718e-06
0.5,38.36781151541773,9.063970845221844,1.15392605696035e-06,1237665.7936918351,0.9871962389858111,6.410867347757077,0.0041989114657350664,,1.4114191713342643e-06
0.5,40.170862297733024,9.489921637770777,1.0210224521510166e-06,1200377.1401298319,0.9877611782082574,6.550108566311231,0.003919956300983459,,1.2436532057928491e-06
0.5,42.05864535940443,9.935889493566187,9.029996698139722e-07,1164074.5407807066,0.9883016365570653,6.692795972508031,0.0036594995735621176,,1.0954172823182181e-06
0.5,44.03514259558175,10.402815091268675,7.982587962475754e-07,1128742.3536225497,0.9888186318158229,6.839003997082619,0.0034163189575240633,,9.645039649221538e-07
0.5,46.104523025956915,10.891683315640968,7.05361793034167e-07,1094364.196305386,0.9893131439117582,6.988809047270313,0.003189272333652359,,8.489444681001376e-07
0.5,48.27115158846486,11.403525334962438,6.230171633619881e-07,1060923.076197708,0.9897861158123669,7.14228953471858,0.0029772925986672554,,7.469846903684063e-07
0.5,50.539598346233845,11.939420776069205,5.50066559453965e-07,1028401.5059936197,0.9902384544704506,7.299525905672265,0.002779382801041368,,6.570633303705829e-07
0.5,52.9146481272061,12.500500001607843,4.85472337821999e-07,996781.6063147268,0.9906710318047525,7.460600673321772,0.002594611584088142,,5.777919662902557e-07
0.5,55.40131061676086,13.087946494305871,4.283060506336171e-07,966045.1967802949,0.991084685705337,7.625598452219237,0.0024221089179717434,,5.079369725669995e-07
0.5,58.0048309246289,13.702999353288359,3.777378473052563e-07,936173.876872617,0.9914802210545448,7.794605994681643,0.0022610621032418013,,4.464031453212478e-07
0.5,60.73070064838655,14.346955907705958,3.330267499519364e-07,907149.0975591633,0.9918584107557904,7.967712229111679,0.0021107120294218693,,3.922189084277177e-07
0.5,63.58466945686622,15.021174453187431,2.9351176004951973e-07,878952.2248188276,0.9922199967637001,8.145008300178043,0.001970349673073342,,3.445229750205462e-07
0.5,66.57275721791538,15.727077116888497,2.5860374889450283e-07,851564.5959189582,0.9925656911101491,8.326587610806149,0.0018393128206158887,,3.0255234371581843e-07
0.5,69.70126669608601,16.466152857180433,2.2777808194958642e-07,824967.5690484807,0.9928961769216583,8.512545865938852,0.001716983002009792,,2.656315144844103e-07
0.5,72.9767968470367,17.239960604305434,2.0056792681709488e-07,799142.5672038435,0.9932121094243884,8.702981118034185,0.001602782622194899,,2.331628154968412e-07
0.5,76.40625673669027,18.05013254862357,1.7655819441561186e-07,774071.1168701509,0.993514116933642,8.897993814273955,0.0014961722779346233,,2.0461773907854822e-07
0.5,79.9968801145056,18.898377583386946,1.5538006405138652e-07,749734.8818779807,0.9938028018253486,9.097686845463057,0.001396648248432219,,1.7952919191808167e-07
0.5,83.75624067160383,19.78648490930317,1.3670604525785235e-07,726115.6932059692,0.9940787414875042,9.302165596604876,0.0013037401487704387,,1.57484571679868e-07
0.5,87.69226801593226,20.716327808491013,1.2024553091053069e-07,703195.5749368974,0.9943424892499547,9.511537999143062,0.0012170087358756552,,1.3811958905223736e-07
0.5,91.81326439816247,21.689867595788748,1.0574079888543684e-07,680956.7668027785,0.994594575291277,9.725914584864523,0.0011360438573241808,,1.21112760912429e-07
0.5,96.1279222236031,22.709157755749708,9.296342212005932e-08,659381.7437393627,0.9948355075218152,9.94540854146253,0.001060462533892909,,1.0618050664505038e-07
0.5,100.64534238706389,23.776348274051028,8.171104949769877e-08,638453.2326553958,0.9950657724421949,10.170135769762553,0.000989907167309572,,9.307278566399481e-08
0.5,105.37505346934606,24.89369017245202,7.180452281886342e-08,618154.2268085448,0.9952858359768679,10.400214942617028,0.0009240438651808761,,8.156921983324343e-08
0.5,110.32703183584918,26.063540256867626,6.308529760507524e-08,598467.9978619488,0.9954961442824222,10.63576756547827,0.0008625608755708291,,7.147564974644006e-08
0.5,115.5117226796889,27.288366088572097,5.5413138274178436e-08,579378.1060966769,0.995697124530561,10.876918038661808,0.0008051671241678097,,6.262107870631876e-08
0.5,120.94006205371082,28.570751189018416,4.866406042073271e-08,560868.4087072696,0.9958891856657949,11.123793721315062,0.0007515908474185713,,5.485496274863473e-08
0.5,126.62349993787527,29.913400489252684,4.2728495516419106e-08,542923.0666018542,0.9960727191379949,11.37652499710905,0.0007015783154216203,,4.8044809192580696e-08
0.5,132.57402439066405,31.319146035416654,3.7509655351244395e-08,525526.5496778506,0.9962480996100642,11.635245341672851,0.0006548926387625534,,4.207404998623739e-08
0.5,138.80418683545756,32.79095296237449,3.2922075733523355e-08,508663.6408817709,0.996415685641061,11.900091391793199,0.0006113126538409048,,3.684015956953408e-08
0.5,145.32712853521397,34.331925748062716,2.8890320774534274e-08,492319.43906514236,0.9965758203451693,12.17120301640353,0.0005706318815833743,,3.225299011837607e-08
0.5,152.1566083112954,35.945314761756116,2.534783091910549e-08,476479.3608215239,0.9967288320269759,12.448723389388762,0.0005326575547627251,,2.8233299882666133e-08
0.5,159.30703156490935,37.63452312006213,2.223589948036159e-08,461129.1413729873,0.9968750347935502,12.73279906423432,0.0004972097094465095,,2.4711452908881017e-08
0.5,166.79348066237785,39.40311386510434,1.9502763963796346e-08,446254.83469537157,0.9970147291438588,13.023580050549459,0.0004641203363860705,,2.1626270765359464e-08
0.5,174.63174674832683,41.25481748003645,1.7102799783980857e-08,431842.8128175818,0.9971482025360809,13.321219892496936,0.00043323258842495305,,1.892401898566595e-08
0.5,182.83836305390196,43.19353975773958,1.4995805291905356e-08,417879.76452440623,0.9972757299333986,13.625875749162882,0.0004044000402579855,,1.6557512831675074e-08
0.5,191.43063977026117,45.22337003929898,1.3146368119926745e-08,404352.693464973,0.9973975743288637,13.937708476902051,0.0003774859971088045,,1.448532867176382e-08
0.5,200.42670056091075,47.3485898396393,1.1523303898724627e-08,391248.9157091983,0.9975139872499441,14.25688271369585,0.00035236284911527137,,1.2671108788015056e-08
0.5,209.84552078989387,49.573681878511074,1.0099159350431329e-08,378556.0569092678,0.997625209243363,14.583566965561578,0.0003289114684201159,,1.1082948785844677e-08
0.5,219.70696754646826,51.90333953587785,8.84977257724774e-09,366262.04899598187,0.9977314703408394,14.91793369505327,0.0003070206461588641,,9.692857995006808e-09
0.5,230.0318415506994,54.34247675164878,7.753884157441568e-09,354355.1265499288,0.9978329905063482,15.260159411896007,0.0002865865667195597,,8.476284336441689e-09
0.5,240.84192102835618,56.8962383906372,6.792793333237993e-09,342823.8228953044,0.9979299800655007,15.610424765796978,0.0002675123168196749,,7.411696097720725e-09
0.5,252.16000764765639,59.57001109460832,5.950054186089928e-09,331656.9658526617,0.998022640117653,15.968914641478197,0.0002497074271055946,,6.48021392265808e-09
0.5,264.0099746147596,62.36943464430712,5.2112072729048506e-09,320843.67333910346,0.9981111629313324,16.335818255977493,0.0002330874441298412,,5.6652870887334554e-09
0.5,276.416817029446,65.30041385543024,4.563542669310123e-09,310373.34871885594,0.9981957323235671,16.71132925826533,0.0002175735307014222,,4.9524088290778e-09
0.5,289.40670460720804,68.36913103363655,3.995890830875676e-09,300235.6760191369,0.9982765240236925,17.0956458312273,0.00020309209273584267,,4.3288660627836915e-09
0.5,303.00703687895196,71.58205901486583,3.4984380712464942e-09,290420.61498010706,0.9983537060221963,17.488970796062944,0.00018957443085410622,,3.783519436259148e-09
0.5,317.2465009847451,74.9459748184719,3.062563820583589e-09,280918.3960182298,0.9984274389051502,17.891511719153517,0.00017695641509483674,,3.3066100565059034e-09
0.5,332.1551321835163,78.4679739419696,2.680697140336067e-09,271719.51508087025,0.9984978761747637,18.303481021452647,0.00016517818121106258,,2.8895897211257868e-09
0.5,347.7643772063361,82.15548532754629,2.3461902587330294e-09,262814.72843377443,0.9985651645565842,18.72509609045542,0.00015418384712365834,,2.5249718254378155e-09
0.5,364.1071605869128,86.01628703190721,2.0532071434150146e-09,254195.04740136623,0.9986294442938473,19.156579394802897,0.00014392124819735664,,2.20620045962221e-09
0.5,381.21795410921294,90.05852263250739,1.796625353077243e-09,245851.73306834922,0.9986908494294738,19.598158601580824,0.0001343416900930671,,1.927535503050995e-09
0.5,399.13284951869014,94.2907184047747,1.571949611263196e-09,237776.29095548316,0.9987495080761896,20.050066696372543,0.00012539971803234137,,1.683951783176426e-09
0.5,417.8896346504982,98.72180130655765,1.375235724529821e-09,229960.46569899868,0.998805542675235,20.512542106128148,0.00011705290138656179,,1.471050596338205e-09
0.5,437.52787313525636,103.36111780773037,1.2030236248130309e-09,222396.23572447337,0.9988590702441107,20.985828824913035,0.00010926163257517431,,1.2849820910233093e-09
0.5,458.08898785049814,108.2184536046737,1.0522784579521677e-09,215075.8079425158,0.9989102026137964,21.470176542601113,0.00010198893932431906,,1.1223771935055783e-09
0.5,479.6163482938206,113.30405426121489,9.203387647367169e-10,207991.61247060387,0.9989590466558617,21.96584077657922,9.520030939987011e-05,,9.802879141155357e-10
0.5,502.1553620620379,118.62864681956506,8.048709118980169e-10,201136.2973840388,0.9990057044998782,22.473083006531336,8.886352698743704e-05,,8.561350120556392e-10
0.5,525.753570629288,124.203462426837,7.038290291861958e-10,194502.72351821107,0.9990502737415212,22.992170812372528,8.29485199465892e-05,,7.476621198291618e-10
0.5,550.4607496261218,130.04026002487018,6.154197951737372e-10,188083.95930912695,0.9990928476417424,23.52337801540459,7.74272172176698e-05,,6.528955368995513e-10
0.5,576.3290138310896,136.15135115333092,5.38071492302297e-10,181873.27569929656,0.9991335153173765,24.06698482276698,7.227341570732058e-05,,5.701089978364066e-10
0.5,603.4129270962902,142.5496259184071,4.70406819324458e-10,175864.14109646372,0.9991723619235374,24.623277975258613,6.746265602344326e-05,,4.977928044378407e-10
0.5,631.7696174387384,149.24858018186958,4.112190101863387e-10,170050.21640417367,0.9992094688281357,25.192550898607603,6.297210647199979e-05,,4.3462678548095473e-10
0.5,661.4588975403209,156.2623440278537,3.5945086141748734e-10,164425.3501134062,0.9992449137788526,25.775103858268366,5.878045476697365e-05,,3.794566130242644e-10
0.5,692.543390910505,163.60571156740235,3.141763177078792e-10,158983.57348139494,0.999278771062877,26.37124411782692,5.486780694117679e-05,,3.3127306161526626e-10
0.5,725.0886639779221,171.29417214364122,2.745843065022623e-10,153719.09576885085,0.9993111116597112,26.981286101097698,5.1215592979542954e-05,,2.8919384726933013e-10
0.5,759.163364389437,179.34394300340296,2.399645498842331e-10,148626.29957070143,0.9993420033873363,27.605551557996694,4.7806478728268605e-05,,2.5244772750248687e-10
0.5,794.8393658084248,187.7720035042177,2.0969511400376263e-10,143699.736219752,0.9993715110420136,28.24436973427811,4.462428366278187e-05,,2.2036058274493737e-10
0.5,832.1919195176705,196.59613092882046,1.8323148530193294e-10,138934.12127846156,0.9993996965319948,28.89807754522357,4.1653904125186207e-05,,1.923432337746162e-10
0.5,871.2998131466785,205.83493798272096,1.6009698790313042e-10,134324.33011028383,0.9994266190053934,29.56701975337536,3.888124166765868e-05,,1.678807799562495e-10
0.5,912.2455368581803,215.50791205392713,1.3987437896218911e-10,129865.39353730087,0.9994523349724704,30.25154915040691,3.629313616241057e-05,,1.4652326955028195e-10
0.5,955.1154573443889,225.63545631763446,1.2219847838390873e-10,125552.49358902212,0.9994768984225676,30.95202674322621,3.387730336134559e-05,,1.2787753660813008e-10
0.5,1000.0,236.23893277258142,1.0674970659431866e-10,121380.95933208455,0.9995003609359201,31.668821944410166,3.162227660958936e-05,,1.1160005938393544e-10
0.9,2.320885362644929,1.000001,2.2053735067332883e-14,14552.226018385165,0.8442470080059993,2.0997847561259,0.22544143928535113,,4.7740834387472976e-09
0.9,2.4422552591358593,1.0522957060696316,4.039629816773252e-05,3010539.1922300737,0.8452887682465047,2.104595443534294,0.21201320664188428,,0.00020620807021157499
0.9,2.5699721523424883,1.1073251456874391,0.00011626842703659371,3921248.2904317263,0.8478991776175401,2.1173301737684027,0.19920491510926225,,0.00034947830699208834
0.9,2.704367956260574,1.1652323307974908,0.00019141145652575413,4441716.904743116,0.8515212383484811,2.1361199527266375,0.18700946264645046,,0.0004442448451541545
0.9,2.8457919422133653,1.2261677521039562,0.00025246695732217544,4760033.723802356,0.8557904585981992,2.159708495795878,0.17541700280468356,,0.0005019913806227137
0.9,2.9946116465470354,1.2902897701702756,0.0002961307830508394,4953700.912823435,0.8604613763069275,2.187225251317846,0.16441529088179904,,0.0005318206297295814
0.9,3.1512138257937297,1.3577650269707262,0.00032335031292580205,5063807.812727987,0.8653650441020936,2.218052556635704,0.15399002324414326,,0.0005409149241927051
0.9,3.3160054617845365,1.428768878963934,0.00033665007613651747,5115093.448933064,0.8703832900748716,2.251744239664577,0.14412516452456645,,0.000534911400329079
0.9,3.489414819324495,1.5034858528138164,0.00033891086853813783,5123659.580622001,0.8754325375764467,2.2879737993414877,0.13480325847964958,,0.0005182071762594799
0.9,3.671892559178347,1.5821101249422924,0.00033283926422434924,5100556.132599518,0.8804533060486055,2.3265003310587584,0.12600571931018467,,0.0004942071915569477
0.9,3.863912909259496,1.6648460261600366,0.00032076692021921696,5053663.102022845,0.88540321106523,2.3671454897916737,0.11771310118877978,,0.0004655251377406202
0.9,4.06597489706589,1.7519085726867238,0.0003046049320000421,4988765.90999041,0.8902521869960391,2.409777536283401,0.10990534457910596,,0.00043414605379119025
0.9,4.278603646565702,1.8435240249407918,0.00028586740707782374,4910209.8561879685,0.894979159657782,2.454300053697437,0.10256199866256688,,0.0004015576309203845
0.9,4.502351742903214,1.9399304755509243,0.000265722085857321,4821318.323114157,0.8995696873229726,2.5006438183715063,0.09566241980657933,,0.0003688560091564792
0.9,4.737800668471506,2.0413784681173883,0.00024504767142156676,4724670.630792299,0.9040142619576528,2.54876084623358,0.08918594651607675,,0.0003368308084830317
0.9,4.985562314084083,2.1481316483312822,0.00022448853964841676,4622292.633022745,0.9083070689658016,2.598619968631741,0.08311205171213952,,0.0003060332808145764
0.9,5.246280569172688,2.2604674491438397,0.00020450303472105755,4515790.986378456,0.9124450706345203,2.650203501733774,0.07742047348747814,,0.00027683076413902066
0.9,5.520632995143968,2.378677811766424,0.0001854042897923038,4406449.910291437,0.916427321512843,2.7035047099789824,0.07209132570821428,,0.0002494500403084414
0.9,5.809332586243742,2.5030699443749715,0.00016739379690094866,4295302.286525309,0.9202544522041165,2.7585258542212294,0.06710518997625568,,0.0002240117213695137
0.9,6.113129622505055,2.633967120490614,0.00015058849722318692,4183182.7980500376,0.9239282769336311,2.8152766759415617,0.06244319054792529,,0.0002005573979128765
0.9,6.432813619595519,2.7717095191113463,0.00013504233482204632,4070768.2411178392,0.9274514930866921,2.8737732105269624,0.05808705383340746,,0.00017907096173356337
0.9,6.76921538063123,2.916655108778085,0.00012076320909500698,3958608.514130186,0.9308274497686692,2.9340368515723463,0.054019154088313544,,0.00015949525176870468
0.9,7.1232091552895955,3.0691805778726557,0.00010772617307904456,3847150.720789491,0.9340599686361373,2.9960936086036707,0.05022254686257793,,0.0001417449565967443
0.9,7.495714911832221,3.229682313565394,9.588360942986469e-05,3736758.117675603,0.9371532046412474,3.0599735152373593,0.04668099170122287,,0.00012571653030480173
0.9,7.887700727942426,3.398577431956466,8.517299751688976e-05,3627725.151479335,0.9401115374824388,3.125710155371348,0.043378965503391244,,0.00011129573428976828
0.9,8.300185306590818,3.5763048620880835,7.552277627773148e-05,3520289.4958366146,0.9429394868396496,3.193340282747556,0.040301667846440056,,9.83632998046722e-05
0.9,8.734240623467143,3.7633264866447496,6.685671267407584e-05,3414641.763545372,0.9456416461461759,3.26290351495376,0.037435019475763304,,8.679911005306189e-05
0.9,9.190994712858705,3.9601283423060414,5.909710493152419e-05,3310933.39755602,0.9482226308873721,3.3344420872112632,0.03476565505235271,,7.648522246234913e-05
0.9,9.671634599215304,4.167221882871413,5.216708361429249e-05,3209283.126126177,0.9506870383400986,3.40800065451943,0.03228091114203536,,6.730798821294184e-05
0.9,10.177409382019366,4.385145308439686,4.599221886400268e-05,3109782.273743384,0.953039416361741,3.483626133179552,0.029968810325221053,,5.915947451350114e-05
0.9,10.709633481978283,4.614464964097508,4.0501598373613493e-05,3012499.1551615084,0.9552842393644612,3.5613675745989175,0.027818042205591052,,5.193835331383556e-05
0.9,11.269690056975248,4.8557768117517535,3.562850528886656e-05,2917482.7293616654,0.9574258900126347,3.641276065726337,0.02581794200166333,,4.5550386343862104e-05
0.9,11.859034596656082,5.109707978930879,3.131079698846831e-05,2824765.6516188113,0.9594686454907552,3.7234046515981873,0.023958467317348693,,3.990860908791072e-05
0.9,12.479198704993697,5.376918388580312,2.749106335252192e-05,2734366.8343104594,0.9614166674283923,3.807808276356858,0.022230173606881384,,3.4933294340547736e-05
0.9,13.131794080660496,5.658102474087431,2.4116625282801188e-05,2646293.603080155,0.9632739947551117,3.8945437397991625,0.02062418877600922,,3.05517583526465e-05
0.9,13.818516705552941,5.9539909839931795,2.1139420319656734e-05,2560543.519591857,0.965044538904086,3.983669667063509,0.01913218729499396,,2.6698058453344633e-05
0.9,14.541151252353583,6.265352881080443,1.8515811092876858e-05,2477105.9267463945,0.9667320808979261,4.075246489504211,0.01774636413957716,,2.3312619760875e-05
0.9,15.301575722585001,6.592997340774606,1.6206343762169233e-05,2395963.2629960114,0.9683402699410321,4.169336435153547,0.016459408823276348,,2.0341819630325356e-05
0.9,16.10176632720919,6.9377758540497645,1.4175476804020963e-05,2317092.182726383,0.9698726232149322,4.266003527456067,0.015264479737781831,,1.7737551386043184e-05
0.9,16.943802622456197,7.3005844403057,1.2391295284355106e-05,2240464.5141586214,0.9713325266306662,4.365313591189461,0.014155178977372871,,1.5456783289303318e-05
0.9,17.829872914229107,7.682365975966477,1.0825221643710049e-05,2166048.079600623,0.9727232363384563,4.467334264673379,0.013125527787688563,,1.3461124303723734e-05
0.9,18.762279945130576,8.084112644852315,9.451730904214292e-06,2093807.3993601818,0.9740478808320621,4.5721350175204085,0.012169942748393937,,1.1716404802459801e-05
0.9,19.743446878890392,8.506868516692789,8.248075787024981e-06,2023704.296807842,0.9753094635152451,4.679787173309005,0.011283212772806143,,1.0192277718157673e-05
0.9,20.775923597746633,8.951732260482498,7.194025390654357e-06,1955698.4189947185,0.9765108656221042,4.790363936661597,0.010460476984935905,,8.861843611555775e-06
0.9,21.86239332914619,9.419859999730733,6.27161970312417e-06,1889747.6853041786,0.9776548494028376,4.903940424296898,0.009697203515229081,,7.701301600129683e-06
0.9,23.005679618986278,9.912468317025414,5.464941176765333e-06,1825808.674162067,0.9787440615026373,5.0205936996965965,0.008989169240162532,,6.6896269414709525e-06
0.9,24.208753669519233,10.430837415719697,4.7599038417385075e-06,1763836.9568374245,0.9797810364746297,5.14040281108623,0.008332440477389723,,5.808275224376227e-06
0.9,25.47474206099047,10.976314446957845,4.144059870471565e-06,1703787.385109298,0.9807682003786137,5.2634488324797495,0.007723354637008078,,5.040912517386088e-06
0.9,26.806934877076834,11.550317010686795,3.606423132525307e-06,1645614.339761386,0.9817078744262606,5.389814907579368,0.0071585028204269666,,4.373170406472443e-06
0.9,28.208794255241948,12.154336839751899,3.1373089989287926e-06,1589271.9447430368,0.982602278640775,5.519586296357629,0.006634713350978134,,3.792424578184713e-06
0.9,29.683963384229415,12.789943676651184,2.72818949202892e-06,1534714.251597865,0.9834535355050782,5.652850424178715,0.0061490362145839115,,3.287595437977154e-06
0.9,31.236275972076815,13.458789353023127,2.371562777080274e-06,1481895.3982391397,0.9842636735775945,5.789696933341567,0.0056987283842647495,,2.848969168827291e-06
0.9,32.869766209256234,14.162612082469831,2.0608359414107196e-06,1430769.7452738984,0.9850346310588601,5.930217736949287,0.005281239998833763,,2.4680376114597094e-06
0.9,34.588679252833764,14.903240977871912,1.7902199996895363e-06,1381291.9927654695,0.985768259295622,6.074507075028026,0.004894201363622667,,2.137355367909728e-06
0.9,36.39748225889447,15.682600804934788,1.5546360828866833e-06,1333417.2800683891,0.9864663262119511,6.222661572834703,0.004535410739362333,,1.8504125818542237e-06
0.9,38.300875991904256,16.502716984320042,1.3496318038612153e-06,1287101.2706315531,0.9871305196592574,6.374780301307001,0.0042028228842729675,,1.6015219220849302e-06
0.9,40.303807041179255,17.365720855361506,1.1713068459322373e-06,1242300.2239237975,0.9877624506790722,6.530964839621128,0.003894538313891537,,1.385718382017863e-06
0.9,42.41148067621125,18.273855215045554,1.016246875938093e-06,1198971.055807974,0.9883636566740893,6.69131933983355,0.0036087932430806744,,1.1986706023894134e-06
0.9,44.629374374257885,19.229480146650438,8.814649486729213e-07,1157071.3891268228,0.9889356044843164,6.855950593592212,0.003343950174940505,,1.0366025219186253e-06
0.9,46.96325205535357,20.235079153192334,7.643496305269856e-07,1116559.595344943,0.9894796933663145,7.024968100911005,0.0030984891019114704,,8.962242585031923e-07
0.9,49.41917906173531,21.2932656116178,6.626191365926232e-07,1077394.828657698,0.9899972578744213,7.198484141008522,0.0028709992851513504,,7.746712191531483e-07
0.9,52.0035379206124,22.406789564516,5.742808353086631e-07,1039537.0532962481,0.9904895706436396,7.376613845218718,0.002660171579241699,,6.694505287419963e-07
0.9,54.723044931244765,23.578544867001153,4.975955349682048e-07,1002947.0649349238,0.9909578450744798,7.559475271986876,0.0024647912703843035,,5.78393954702005e-07
0.9,57.584767619436775,24.811576707338762,4.310460220329243e-07,967586.5069618371,0.9914032379205833,7.74718948396962,0.0022837313974503892,,4.996165863535687e-07
0.9,60.59614310480779,26.10908952086035,3.7330937317383446e-07,933417.8821521577,0.9918268517803569,7.939880627262508,0.0021159465265135715,,4.314806032946577e-07
0.9,63.76499742857273,27.47445531773365,3.2323261175657413e-07,900404.5603632506,0.9922297374941959,8.13767601278306,0.0019604669508066813,,3.725635370740653e-07
0.9,67.0995658920623,28.911222446230635,2.7981132395445864e-07,868510.7827935886,0.9926128964491446,8.340706199841266,0.001816393289371655,,3.216304942890041e-07
0.9,70.60851445883902,30.423124814267638,2.4217089026160645e-07,837701.663149941,0.9929772827930512,8.549105081933138,0.0016828914590036731,,2.776098674612195e-07
0.9,74.30096227602954,32.014091593182705,2.095500255934572e-07,807943.186166367,0.9933238055604449,8.763009974796658,0.0015591879954118815,,2.3957211281584033e-07
0.9,78.1865053734022,33.688257428968626,1.812863546998101e-07,779202.2037852209,0.9936533307124884,8.982561706772433,0.0014445657008183607,,2.0671122172624807e-07
0.9,82.27524160177973,35.44997318749888,1.5680378013677364e-07,751446.4293449568,0.993966683093445,9.207904711514756,0.0013383595964859179,,1.7832855543959574e-07
0.9,86.57779687559746,37.30381726167138,1.3560142733687417e-07,724644.4299896086,0.9942646483061683,9.439187123101473,0.0012399531598971134,,1.5381875111866477e-07
0.9,91.10535278780719,39.25460746985553,1.1724397603494716e-07,698765.6176066443,0.9945479745091559,9.676560873594118,0.0011487748274967464,,1.3265744158575836e-07
0.9,95.8696756688928,41.30741357656429,1.0135320918372021e-07,673780.238403252,0.9948173741377299,9.920181793102293,0.0010642947450542701,,1.1439056178556811e-07
0.9,100.88314716551697,43.46757046789054,8.76006303379487e-08,649659.3614147058,0.995073525551908,10.170209712408981,0.000986021748798824,,9.862504223548325e-08
0.9,106.15879641826784,45.74069201594834,7.570101788843592e-08,626374.8660602503,0.9953170746135155,10.426808568216138,0.0009135005615263777,,8.50207139254015e-08
0.9,111.71033392212954,48.132685668350256,6.540680016938011e-08,603899.4288640609,0.9955486361950655,10.690146511072204,0.0008463091888751438,,7.32832705666106e-08
0.9,117.55218715767448,50.64976780063648,5.650314937379363e-08,582206.5095518787,0.995768795622902,10.960396016045838,0.0007840565019119456,,6.315815305132373e-08
0.9,123.69953808557648,53.298479871553795,4.880370441590538e-08,561270.3365608206,0.9959781100570587,11.237733996212539,0.0007263799930690767,,5.442523772978736e-08
0.9,130.1683626018864,56.08570542316933,4.2146843828079136e-08,541065.892107815,0.996177109810238,11.52234191902315,0.000672943693319248,,4.689422487771041e-08
0.9,136.97547205660783,59.01868796999937,3.639243938773552e-08,521568.89695147716,0.996366299608262,11.814405925625808,0.00062343623927669,,4.0400636729245646e-08
0.9,144.1385569434723,62.105049823643945,3.141902960420443e-08,502755.7947517347,0.9965461597942961,12.11411695321513,0.0005775690796667876,,3.480234588593413e-08
0.9,151.67623287445616,65.35281190184917,2.712135983933322e-08,484603.73639440624,0.9967171474790777,12.421670860484907,0.000535074811316406,,2.997656495697467e-08
0.9,159.60808895851878,68.77041457347764,2.340824225872412e-08,467090.56405381614,0.9968796976393277,12.737268556262986,0.0004957056354840555,,2.58172371002432e-08
0.9,167.9547387102904,72.36673959355934,2.0200694774139097e-08,450194.7952421939,0.9970342241664567,13.061116131409415,0.00045923192597506257,,2.223277485958961e-08
0.9,176.73787362101191,76.15113318542852,1.7430323165305727e-08,433895.6067827834,0.997181120867613,13.393424994061293,0.0004254409010738632,,1.9144101459901523e-08
0.9,185.98031953094855,80.13343032993274,1.5037915112493742e-08,418172.81884336844,0.997320762421056,13.734412008310422,0.00039413539187528097,,1.6482954641267586e-08
0.9,195.7060959497793,84.32398032483789,1.297221878279759e-08,403006.87900429947,0.9974535052877744,14.084299636402106,0.00036513270011111757,,1.4190418288764011e-08
0.9,205.94047847912563,88.73367368085336,1.1188882092186524e-08,388378.8464045979,0.9975796885811976,14.443316084546165,0.00033826353904941827,,1.2215651635031306e-08
0.9,216.7100644994448,93.37397042417545,9.649531802170909e-09,374270.3760487991,0.9976996348967961,14.811695452433678,0.0003133710514932316,,1.0514789758762042e-08
0.9,228.0428422919964,98.25692987910274,8.320974249912914e-09,360663.7032122152,0.997813651103291,15.189677886555579,0.00029030989932533793,,9.049992544136317e-09
0.9,239.96826377551852,103.3952420081228,7.1745018612833e-09,347541.6280677555,0.9979220290971373,15.57750973742199,0.00026894541943700903,,7.788622266523067e-09
0.9,252.51732104664185,108.80226039091765,6.185291608920557e-09,334887.50045778824,0.9980250465218821,15.975443720783604,0.00024915284124405883,,6.7025325834505235e-09
0.9,265.72262692296096,114.4920369279957,5.331883377225176e-09,322685.2049228979,0.9981229674539382,16.383739082959615,0.00023081656133382923,,5.767453985408928e-09
0.9,279.61849969807486,120.47935835913724,4.595727734099255e-09,310919.14591316646,0.998216043056256,16.80266177037892,0.00021382947110390438,,4.962462741121657e-09
0.9,294.24105232886444,126.7797846915598,3.960793981291896e-09,299574.23326183733,0.998304512201316,17.232484603444714,0.00019809233354865614,,4.2695220939618704e-09
0.9,309.6282862867876,133.4096896376712,3.4132305326182453e-09,288635.86790861515,0.9983886020648124,17.67348745483516,0.000183513205624643,,3.673085963076204e-09
0.9,325.8201903170949,140.38630316750044,2.9410707053971346e-09,278089.9278653763,0.9984685286913381,18.125957432355897,0.00017000690288169324,,3.1597567033211327e-09
0.9,342.85884436262484,147.727756286394,2.5339779148656587e-09,267922.75446496735,0.9985444975333361,18.590189066463314,0.00015749450328445545,,2.7179896075619432e-09
0.9,360.78852892225734,155.45312815434528,2.183025044019065e-09,258121.1388675249,0.9986167039645217,19.066484502580373,0.0001459028873704811,,2.337837815314863e-09
0.9,379.6558401282304,163.58249566941404,1.8805034490755257e-09,248672.30885288632,0.9986853337689385,19.55515369833021,0.00013516431209660887,,2.0107321424390047e-09
0.9,399.50981084138465,172.1369856440929,1.6197576557331054e-09,239563.9158994987,0.9987505636067564,20.0565146258158,0.0001252160159166073,,1.7292910844758666e-09
0.9,420.4020380790418,181.1388297102191,1.3950423197753758e-09,230784.02250685004,0.9988125614578773,20.57089347907746,0.0001159998528106737,,1.4871568860157552e-09
0.9,442.3868171066804,190.6114220951197,1.201398481566463e-09,222321.08986514463,0.9988714870443701,21.098624886863206,0.00010746195315240864,,1.2788541229887584e-09
0.9,465.52128254188875,200.57938041914016,1.0345465305654019e-09,214163.96575670812,0.9989274922327043,21.640052130850687,9.955240945215137e-05,,1.0996677252313015e-09
0.9,489.8655568373005,211.06860967255872,8.90793643458035e-10,206301.87276824357,0.9989807214167241,22.195527369462773,9.222498515788107e-05,,9.455377828242213e-10
0.9,515.482906528394,222.10636953815114,7.669537531941889e-10,198724.3967767758,0.9990313118822514,22.76541186742271,8.543684482702075e-05,,8.129688400294527e-10
0.9,542.4399066522157,233.72134523436605,6.60278365712537e-10,191421.47572789827,0.9990793941541737,23.35007623119843,7.914830410513429e-05,,6.989516925620877e-10
0.9,570.8066137643247,245.94372206321935,5.683967644981117e-10,184383.38868351752,0.9991250923268332,23.94990065048943,7.332259806134433e-05,,6.008959738520351e-10
0.9,600.6567480035976,258.80526385664484,4.892643385145176e-10,177600.74516018867,0.999168524378503,24.565275145913777,6.792566653593959e-05,,5.16572049463824e-10
0.9,632.06788467805,272.3393955251699,4.211179373135599e-10,171064.47473507866,0.9992098024706879,25.19659982305645,6.292595525366066e-05,,4.440609408104616e-10
0.9,665.1216558695713,286.58128992344547,3.6243730425045187e-10,164765.81692887042,0.999249033232973,25.84428513304477,5.829423154709442e-05,,3.8171117393525537e-10
0.9,699.9039625815105,301.5679592583786,3.119117656726493e-10,158696.3113572537,0.9992863180340955,26.50875213982079,5.400341361896759e-05,,3.281016001054509e-10
0.9,736.5051979804458,317.3383512774222,2.6841146434904843e-10,152847.7881470821,0.9993217532398913,27.19043279428467,5.002841235038179e-05,,2.820093654405179e-10
0.9,775.0204823123048,333.9334504869973,2.309625210771902e-10,147212.35861621654,0.9993554304587392,27.889770215487903,4.634598473460823e-05,,2.423823195417956e-10
0.9,815.5499101033432,351.39638466409855,1.987255912988266e-10,141782.4062154103,0.999387436775096,28.607218979059514,4.293459808336619e-05,,2.083152504885135e-10
0.9,858.198810288412,369.7725369378866,1.7097735530093042e-10,136550.5777107881,0.9994178549716874,29.343245413053275,3.977430421492522e-05,,1.7902941768911584e-10
0.9,903.0780199425426,389.10966373254865,1.4709454309131513e-10,131509.77462548533,0.9994467637408948,30.098327901408588,3.684662289124473e-05,,1.538549267209531e-10
0.9,950.3041723272305,409.4580188779404,1.2654014873807544e-10,126653.1449312899,0.9994742378858555,30.872957195222924,3.413443382502549e-05,,1.3221555301021997e-10
0.9,1000.0,430.87048421055067,1.0885153562611207e-10,121974.07496358015,0.9995003485117662,31.667636732038485,3.1621876627297514e-05,,1.1361567534355625e-10
0.998,1.2369718921458397,1.000001,1.2333380220613138e-12,39795.08376577759,0.6790058343863308,1.3918131634661002,0.4212742282370554,,3.153345664027888e-08
0.998,1.3085604264820645,1.057875076508376,0.0017011574356716197,7669110.936525289,0.6844942892671171,1.4052592924454788,0.40081883922807426,,0.0014777224894278245
0.998,1.3842920769884703,1.1190985583990443,0.0034807562325107244,9172279.822524074,0.6954286726330333,1.4332817924496364,0.3807055549604819,,0.002461793588241399
0.998,1.4644066224474943,1.183865289221513,0.004426199970230826,9740172.555163145,0.7081530895973944,1.4676157174452424,0.3609955109683895,,0.003076117075944978
0.998,1.5491577186032972,1.2523803310304877,0.004760923719424044,9919315.385040672,0.7213665414240548,1.5052367625774563,0.3417446133544987,,0.003416888715796022
0.998,1.6388137012773032,1.3248606136458492,0.00472956956221676,9902943.41363663,0.7345241822938844,1.5448363851680007,0.3230030125912584,,0.003558434393694171
0.998,1.733658435963266,1.401535621487915,0.004496147155455821,9778427.549607765,0.7473759982301519,1.58578944340184,0.30481472257547526,,0.0035578453320152955
0.998,1.8339922165918152,1.4826481201626227,0.004161120678879681,9590946.55452748,0.7598028597378799,1.6277816472984097,0.28721738566684296,,0.003458672022747057
0.998,1.9401327163101165,1.5684549250971094,0.0037842590722871085,9365999.02620695,0.7717493480538522,1.6706544848521303,0.27024217902226455,,0.0032938626403162855
0.998,2.0524159932869748,1.6592277146593293,0.0034004290358403302,9118897.247663874,0.7831932015970093,1.7143335242851658,0.25391385285981055,,0.003088095771359832
0.998,2.1711975547279185,1.7552538903361656,0.003029394692885834,8859268.377820164,0.7941302579724779,1.7587924707133502,0.2382508875330589,,0.0028596282189366834
0.998,2.2968534824691136,1.8568374866935093,0.0026817614899538452,8593378.295351997,0.8045665466906562,1.8040339496350983,0.22326575356582573,,0.0026217551135094366
0.998,2.42978162371392,1.964300133999383,0.002362585197049712,8325412.538187974,0.8145139192901265,1.8500786820273158,0.20896525710412514,,0.0023839605441877006
0.998,2.5704028506821586,2.077982076557934,0.0020735808306270027,8058220.285947225,0.8239875322061434,1.8969591186202412,0.19535095253108148,,0.0021528215589460865
0.998,2.7191623931603437,2.198243249978509,0.0018144865323270933,7793765.425271589,0.8330043474806555,1.9447155608672413,0.18241960415134365,,0.0019327159791340304
0.998,2.876531248171949,2.3254644207906154,0.0015839112798024255,7533410.031118299,0.8415822157295753,1.9933937268485233,0.17016367973758897,,0.0017263744688620272
0.998,3.043007671230964,2.460048392012987,0.0013798632238936016,7278098.0671611745,0.8497393039222679,2.0430431871038204,0.15857186017732117,,0.0015353092368260279
0.998,3.2191187539002777,2.6024212784937677,0.0012000780436212406,7028477.608981998,0.8574937335333623,2.0937163406721244,0.14762955129455632,,0.001360145255923721
0.998,3.405422092649712,2.7530338560597647,0.0010422208428295572,6784984.058908143,0.8648633503843394,2.1454677358527694,0.13731938598876897,,0.0012008746637232812
0.998,3.6025075542975746,2.9123629887463847,0.0009040075086858675,6547897.954359016,0.8718655787624956,2.1983536163270236,0.12762170699175224,,0.001057050810476791
0.998,3.810999143625406,3.080913138627106,0.0007832745977458868,6317385.854984697,0.8785173304999185,2.252431617830446,0.1185150226748903,,0.0009279350531884729
0.998,4.031556979079103,3.259217963022848,0.0006780163431285222,6093529.720470272,0.8848349504623036,2.30776056738135,0.10997643035408845,,0.0008126066940884081
0.998,4.2648793828118015,3.4478420041482654,0.0005864007955083488,5876348.322067575,0.8908341864665621,2.3644003536224383,0.10198200337260907,,0.0007100443000739905
0.998,4.511705091685938,3.647382476544662,0.0005067729057008704,5665813.044920842,0.8965301757453709,2.4224118472843017,0.0945071398525781,,0.0006191849113779908
0.998,4.772815596234896,3.858471157958837,0.00043764964769183454,5461859.684542237,0.9019374426875117,2.48185685751671,0.08752687237380696,,0.000538966268109815
0.998,5.049037614989746,4.081776389654677,0.000377710512229764,5264397.341189785,0.9070699042767082,2.5427981142591363,0.08101613896038472,,0.0004683560838930529
0.998,5.341245712005234,4.3180051924908325,0.0003257855404728602,5073315.186885025,0.9119408807694168,2.6052992697793,0.07495001664050714,,0.0004063715212889901
0.998,5.650365065872508,4.5679055054643,0.00028084229850862326,4888487.655096507,0.9165631099011246,2.6694249145163402,0.06930391951144838,,0.00035209132944807566
0.998,5.977374398985736,4.832268553807525,0.0002419726829075514,4709778.4483009,0.9209487634199148,2.735240603748391,0.06405376371329463,,0.000304662554522167
0.998,6.323309076337169,5.111931354136802,0.00020838010773529582,4537043.651153177,0.9251094650967191,2.8028128925700715,0.0591761020187875,,0.0002633032988558947
0.998,6.689264383651907,5.4077793645836705,0.00017936739762924742,4370134.161902593,0.9290563096060441,2.872209377348183,0.054648230909822876,,0.00022730266257369944
0.998,7.076398995241521,5.72074928830008,0.00015432556148706013,4208897.597961375,0.9327998818431418,2.943498742312237,0.050448273060416875,,0.0001960187321819583
0.998,7.4859386425562775,6.051832039213646,0.0001327235238101897,4053179.79486064,0.9363502763660974,3.0167508102895066,0.0465552381059318,,0.00016887527019746987
0.998,7.919179995051236,6.402075879423098,0.00011409882711563236,3902825.987375059,0.9397171167392833,3.092036596852118,0.04294906447108926,,0.00014535759555698002
0.998,8.377494765653662,6.7725897381674,9.804927929686107e-05,3757681.7413428626,0.9429095746183128,3.1694283673337775,0.039610644873888774,,0.00012500801702019883
0.998,8.862334053830335,7.164546722876959,8.422549586487428e-05,3617593.68786627,0.9459363884630527,3.2489996963151087,0.03652183793509085,,0.00010742108324625981
0.998,9.375232940005612,7.579187833423465,7.232427405191745e-05,3482410.1012589745,0.9488058817993423,3.330825529282553,0.0336654681166077,,9.223883755069882e-05
0.998,9.917815345876939,8.01782589132831,6.208272954504865e-05,3351981.35183411,0.9515259809751929,3.4149822462459736,0.03102531599748534,,7.91462076358245e-05
0.998,10.49179917601634,8.48184969637008,5.327312528352204e-05,3226160.2581692035,0.9541042323758803,3.5015477271610758,0.028586100681286187,,6.786661693341264e-05
0.998,11.099001757037042,8.972728423751619,4.5698323385274344e-05,3104802.359389481,0.9565478190761839,3.590601419049598,0.026333455919652426,,5.8157871510317755e-05
0.998,11.741345591546573,9.49201627574885,3.9187794461612487e-05,2987766.121657338,0.9588635769183491,3.682224404746399,0.02425390133797098,,4.9808352313645185e-05
0.998,12.420864445104167,10.041357402569162,3.3594123152171204e-05,2874913.091953517,0.9610580100120311,3.7764994732306443,0.022334809963261714,,4.263352493577557e-05
0.998,13.139709785454958,10.622491107999696,2.8789953565725806e-05,2766108.0095213354,0.9631373056582032,3.87351119152042,0.020564373083413256,,3.6472766534603335e-05
0.998,13.90015759442843,11.237257356327369,2.466532329437704e-05,2661218.881688587,0.9651073487032596,3.9733459781274036,0.01893156331154389,,3.11865008519098e-05
0.998,14.704615574068884,11.887602597966527,2.1125339791839748e-05,2560117.031865163,0.9669737353326585,4.076092178082102,0.0174260965897268,,2.6653626494153807e-05
0.998,15.555630769813613,12.575585932239083,1.8088157568599953e-05,2462677.1241725525,0.9687417863157423,4.181840139551263,0.016038393742252445,,2.2769220043091812e-05
0.998,16.455897634854985,13.303385626819447,1.5483219181292396e-05,2368777.168969587,0.9704165597149982,4.29068229207801,0.014759542079308983,,1.944249358012602e-05
0.998,17.408266561219666,14.073306014486041,1.324972713930032e-05,2278298.513301044,0.9720028630741586,4.402713226482607,0.0135812574565156,,1.659498539903643e-05
0.998,18.41575290457555,14.88778478901542,1.1335317594788036e-05,2191125.8186124396,0.9735052651003172,4.518029776467851,0.012495847113072561,,1.4158962709582267e-05
0.998,19.481546531340683,15.749400723319203,9.694910128635973e-06,2107147.0282378714,0.9749281068556973,4.636731101978167,0.011496173540253176,,1.2076015742197123e-05
0.998,20.60902191832159,16.66088183426054,8.289711019909265e-06,2026253.3268683532,0.9762755124749678,4.758918774365796,0.010575619571402286,,1.0295823657166831e-05
0.998,21.801748836858422,17.625114020001366,7.086350124601016e-06,1948339.0931477915,0.9775513994240901,4.88469686342128,0.009728054833387569,,8.77507389464275e-06
0.998,23.06350365530434,18.645150197227593,6.056133959048026e-06,1873301.8471430724,0.9787594883166199,5.01417202632864,0.008947803656492923,,7.476517966936096e-06
0.998,24.398281295625,19.724219967182343,5.17439974393023e-06,1801042.1935470765,0.9799033123032561,5.147453598608756,0.008229614504030333,,6.36814811339346e-06
0.998,25.810307881974303,20.865739841111225,4.419957094580089e-06,1731463.7616570115,0.9809862260501983,5.284653687116989,0.007568630953542982,,5.4224806549194395e-06
0.998,27.304054121294183,22.073324057495345,3.7746057359930453e-06,1664473.1428679938,0.9820114143215998,5.425887265163751,0.006960364237522938,,4.61593326119716e-06
0.998,28.884249458303472,23.350796025321046,3.2227191133627718e-06,1599979.8263330585,0.9829819001810876,5.571272269829029,0.00640066733230411,,3.9282846531576306e-06
0.998,30.55589704969275,24.70220042961755,2.750885078355572e-06,1537896.133285016,0.9839005528269653,5.720929701544173,0.0058857105685279805,,3.342206490275085e-06
0.998,32.32428960493618,26.131816037590877,2.3475959799460834e-06,1478137.1504734422,0.9847700950753476,5.874983726016527,0.005411958724708485,,2.842858328016846e-06
0.998,34.19502614387462,27.644169245900006,2.0029814939157784e-06,1420620.663229091,0.9855931105050849,6.03356177857467,0.004976149556409665,,2.4175375716816605e-06
0.998,36.17402972412757,29.244048411968564,1.708578400446043e-06,1365267.0882339142,0.9863720502779468,6.196794671014239,0.004575273706928363,,2.0553772990739555e-06
0.998,38.267566194461516,30.93651901470687,1.4571322886788965e-06,1311999.4064494986,0.9871092396471236,6.364816701026518,0.004206555940740614,,1.747085678720376e-06
0.998,40.482264033491305,32.726939692646184,1.2424268332074185e-06,1260743.0963858266,0.987806884166711,6.537765764294273,0.00386743763797466,,1.4847214770889813e-06
0.998,42.82513533652654,34.62097921026387,1.0591368690702243e-06,1211426.067743628,0.9884670756144357,6.7157834693415115,0.003555560486517187,,1.2615008330383387e-06
0.998,45.30359801701157,36.62463440621839,9.027019998393717e-07,1163978.5958724767,0.9890917976394786,6.899015255226291,0.0032687513077858388,,1.0716310866053198e-06
0.998,47.925499292851555,38.744249180320416,7.692179106992707e-07,1118333.2568450705,0.989682931146867,7.0876105121679664,0.0030050079524946674,,9.101679885779314e-07
0.998,50.69914053198692,40.98653457935646,6.553429431114502e-07,1074424.8635520858,0.9902422594295033,7.281722705202878,0.0027624862037153716,,7.728930934208309e-07
0.998,53.63330353588105,43.358590045359875,5.582178171776724e-07,1032190.4025992078,0.9907714730585296,7.48150950096487,0.0025394876260432376,,6.562085571723438e-07
0.998,56.737278344138765,45.86792589360449,4.7539667738202096e-07,991568.9723906005,0.9912721745423385,7.68713289768969,0.002334448301583329,,5.570469297595373e-07
0.998,60.02089264829019,48.5224870914903,4.04787884989911e-07,952501.7221750348,0.991745882764184,7.898759358545051,0.0021459283956731957,,4.727938532607072e-07
0.998,63.494542907868095,51.33067841360857,3.446031976041547e-07,914931.7923146548,0.9921940372079779,8.116559948390787,0.001972602497665289,,4.012218590527567e-07
0.998,67.16922726729808,54.30139105263197,2.9331416242137415e-07,878804.2556722676,0.9926180019815103,8.340710474076491,0.0018132506846328918,,3.404337021605768e-07
0.998,71.05658037782106,57.44403077028351,2.496147118520586e-07,844066.0601814144,0.9930190696459874,8.571391628386863,0.0016667502584795221,,2.888138847003021e-07
0.998,75.16891023470082,60.76854767751552,2.1238908990795006e-07,810665.9726718822,0.9933984648604495,8.808789137748109,0.0015320681095758993,,2.449872058906972e-07
0.998,79.5192371463482,64.28546773818687,1.8068435837204687e-07,778554.5238719763,0.9937573478493018,9.053093913811729,0.0014082536626835159,,2.0778333711912124e-07
0.998,84.12133495874588,68.0059260959851,1.536868363488887e-07,747683.9546882055,0.9940968177008789,9.304502209035405,0.0012944323635198137,,1.7620656004626245e-07
0.998,88.98977466569538,71.94170233011089,1.307019166402437e-07,718008.1636779024,0.9944179155046534,9.563215776383757,0.0011897996668545749,,1.4940992643447322e-07
0.998,94.13997054296509,76.10525775135112,1.1113678028116782e-07,689482.6557850802,0.9947216273344033,9.829442033275441,0.001093615489482887,,1.2667320269466125e-07
0.998,99.58822895240654,80.50977485662541,9.44855974845868e-08,662064.4923103274,0.9950088870843579,10.103394229906257,0.0010051990937847432,,1.0738405219099649e-07
0.998,105.35179997056075,85.16919906692564,8.03168610440099e-08,635712.2420899891,0.9952805791650701,10.385291622081725,0.0009239243698460097,,9.102198599096018e-08
0.998,111.4489320052201,90.09828288079822,6.826254805022235e-08,610385.9338889857,0.9955375410654785,10.675359648696286,0.0008492154862745674,,7.714467964178132e-08
0.998,117.89892957286936,95.31263258316508,5.8008848657005775e-08,586047.0100350511,0.995780565787371,10.973830113999925,0.0007805428818957992,,6.537631113018847e-08
0.998,124.72221441994043,100.82875765737286,4.928823749680342e-08,562658.2812218653,0.9960104041581971,11.280941374797193,0.0007174195724519324,,5.5397624696214274e-08
0.998,131.9403901813984,106.66412305691479,4.18726951592451e-08,540183.8824700075,0.9962277670279316,11.596938532727325,0.0006593977482606623,,4.6937467718389625e-08
0.998,139.5763107813811,112.8372045023281,3.5567914486367076e-08,518589.23030134826,0.9964333273554584,11.922073631778595,0.0006060656405114249,,3.976558441990707e-08
0.998,147.65415279245767,119.36754697834469,3.020834988018535e-08,497840.9810329963,0.9966277221897027,12.256605861194092,0.0005570446354954464,,3.3686481491254134e-08
0.998,156.19949198260866,126.27582661650698,2.5652988064215557e-08,477906.9902124957,0.9968115545505255,12.60080176393056,0.0005119866175814427,,2.85342076027458e-08
0.998,165.23938429228718,133.5839161591795,2.1781736071031695e-08,458756.2731456826,0.9969853952141734,12.954935450836414,0.00047057152316647984,,2.4167911812703086e-08
0.998,174.80245149794882,141.31495421222633,1.8492337154797137e-08,440358.96655402915,0.9971497844078728,13.319288820719763,0.000432505089155207,,2.046806560222198e-08
0.998,184.91897183327254,149.49341850561814,1.5697738100681567e-08,422686.2912952769,0.9973052334179537,13.694151786481811,0.00039751678075486787,,1.7333250150919805e-08
0.998,195.6209758549976,158.1452033939261,1.332384240104636e-08,405710.5161133484,0.9974522261156982,14.079822507496202,0.00036535788452268824,,1.4677424911446996e-08
0.998,206.94234785690077,167.2977018420803,1.1307593204436173e-08,389404.92247351335,0.9975912204049212,14.476607628419545,0.00033579975367109435,,1.2427605890329176e-08
0.998,218.9189331530088,176.97989215597408,9.595338000522467e-09,373743.7703721422,0.9977226495951126,14.884822524623898,0.0003086321936292233,,1.0521892597274721e-08
0.998,231.58865156971973,187.22242973251554,8.141433961009346e-09,358702.26517255453,0.9978469237037965,15.304791554446856,0.0002836619767808951,,8.907791641311487e-09
0.998,244.99161750617148,198.05774411962489,6.9070587789862276e-09,344256.5253879859,0.9979644306916009,15.736848318460826,0.00026071147615396083,,7.540792650886028e-09
0.998,259.1702669429848,209.5201416934827,5.859196953629173e-09,330383.5514510955,0.9980755376333671,16.18133592596827,0.00023961740862801938,,6.383158766180203e-09
0.998,274.1694918015146,221.6459142781246,4.9697758157592e-09,317061.1953996951,0.9981805918284787,16.63860726893575,0.00022022967896091379,,5.4028995583413256e-09
0.998,290.0367820790078,234.473454051286,4.214929331271431e-09,304268.1314762797,0.9982799218534442,17.10902530358526,0.0002024103166131444,,4.572899011924162e-09
0.998,306.8223762096975,248.04337510031237,3.5743709133223106e-09,291983.8276171984,0.9983738385596191,17.59296333986778,0.0001860324979770224,,3.870175283504669e-09
0.998,324.57942012789545,262.39864201299685,3.030859211535173e-09,280188.5178467856,0.9984626360188296,18.09080533904992,0.00017097964719761904,,3.275252423897776e-09
0.998,343.36413553670593,277.5847059104869,2.5697431808870234e-09,268863.1754758633,0.9985465924195187,18.60294621965115,0.00015714460930861695,,2.7716272116847056e-09
0.998,363.23599791512737,293.64964835296314,2.1785747436188683e-09,257989.48716948484,0.9986259709159199,19.129792171975723,0.00014442888990122098,,2.3453167671479902e-09
0.998,384.257924827137,310.64433357371513,1.8467790614721623e-09,247549.8278110592,0.9987010204326398,19.671760981490046,0.00013274195600127496,,1.984474762654339e-09
0.998,406.49647512898235,328.6225695236179,1.5653739025061622e-09,237527.2361606461,0.998771976426918,20.229282361303625,0.0001220005932514203,,1.6790658731079528e-09
0.998,430.02205970539734,347.6412782358979,1.3267308361383655e-09,227905.39129395373,0.9988390616107254,20.802798294018473,0.00011212831488413895,,1.420589665403327e-09
0.998,454.9091644019724,367.76067605059427,1.1243720574998888e-09,218668.58977700656,0.9989024866347549,21.392763383219652,0.00010305481833024683,,1.2018464490561475e-09
0.998,481.2365858595123,389.0444642693303,9.527975563671521e-10,209801.72359842312,0.9989624507362593,21.999645214886964,9.471548563812737e-05,,1.0167387357275128e-09
0.998,509.0876809970804,411.5600308440473,8.073381225546994e-10,201290.2587800663,0.9990191423526001,22.623924729015886,8.705092418380692e-05,,8.601029124923309e-10
0.998,538.5506309336274,435.37866373827256,6.84030348091406e-10,193120.21474478827,0.9990727397022695,23.26609660174374,8.000654443286139e-05,,7.275665474472975e-10
0.998,569.7187201838246,460.5757766364626,5.795103495994592e-10,185278.14427816527,0.9991234113350739,23.926669638285446,7.353217177390482e-05,,6.154274379365221e-10
0.998,602.6906320120858,487.23114771605503,4.909234240858067e-10,177751.11422542445,0.9991713166530737,24.606167176991832,6.7581689681758e-05,,5.205510994790855e-10
0.998,637.5707608799061,515.4291722382135,4.158472596720247e-10,170526.6867790587,0.9992166064037983,25.305127504851896,6.211271168789512e-05,,4.4028389291133947e-10
0.998,674.4695429757913,545.2591297570194,3.5222667848793445e-10,163592.90141683965,0.9992594231471822,26.024104284770083,5.7086279837868856e-05,,3.7237941151244057e-10
0.998,713.5038058742783,576.8154667931302,2.983181877065412e-10,156938.25743272854,0.9992999016975913,26.7636669949583,5.24665875014836e-05,,3.1493611021205963e-10
0.998,754.7971384311314,610.1980958669016,2.526428716078058e-10,150551.69705579252,0.9993381695422411,27.524401380792288,4.822072457275638e-05,,2.663444649610107e-10
0.998,798.4802820858547,645.5127118377524,2.1394637572095462e-10,144422.58914492777,0.9993743472372465,28.306909919491687,4.4318443254344265e-05,,2.2524221013125812e-10
0.998,844.6915448104586,682.8711265513651,1.811649200942487e-10,138540.71344403917,0.9994085487824738,29.11181229799334,4.0731942766183283e-05,,1.9047642233899217e-10
0.998,893.5772390151026,722.391622854263,1.533964371064605e-10,132896.2453531955,0.9994408819763106,29.9397459043977,3.743567145157578e-05,,1.6107140625594733e-10
0.998,945.2921447971006,764.1993290966345,1.29876064709524e-10,127479.74125570768,0.9994714487514132,30.791366333378967,3.440614487678327e-05,,1.3620149681041634e-10
0.998,1000.0,808.4266153091369,1.0995534027797265e-10,122282.12432453326,0.9995003454924306,31.66734790596042,3.1621778633179214e-05,,1.1516802695003941e-10
