b_over_M,r1_over_M,r2_over_M,r3_over_M,dr1_db,dr2_db,dr3_db
2.85,2.002196764734467,,,0.9541809943715476,,
2.8896610169491526,2.040040553324796,,,0.9547221926494736,,
2.929322033898305,2.0779272708632726,,,0.955785613506265,,
2.9689830508474575,2.115855412158852,,,0.9568119609409216,,
3.0086440677966104,2.1538235416633325,,,0.9578029406656512,,
3.048305084745763,2.1918302894862296,,,0.9587601612871488,,
3.0879661016949154,2.229874347677296,,,0.9596851408495368,,
3.127627118644068,2.267954466760396,,,0.9605793129087914,,
3.1672881355932203,2.3060694524978578,,,0.9614440321183579,,
3.2069491525423732,2.344218162867412,,,0.96228057938837,,
3.2466101694915257,2.382399505235783,,,0.9630901666619351,,
3.286271186440678,2.4206124337144943,,,0.9638739413277797,,
3.3259322033898306,2.4588559466834776,,,0.9646329903056987,,
3.365593220338983,2.4971290844709464,,,0.9653683438369498,,
3.405254237288136,2.5354309271776634,,,0.9660809790063212,,
3.444915254237288,2.573760592636194,,,0.9667718229880151,,
3.484576271186441,2.6121172344926444,,,0.9674417560856199,,
3.5242372881355934,2.6505000404070533,,,0.9680916145652176,,
3.563898305084746,2.6889082303598517,,,0.9687221932315211,,
3.6035593220338984,2.727341055056604,,,0.9693342479317479,,
3.643220338983051,2.7657977944330816,,,0.969928497796289,,
3.682881355932204,2.8042777562377337,,,0.9705056273389445,,
3.7225423728813563,2.8427802747033573,,,0.9710662884822199,,
3.7622033898305087,2.8813047092902213,,,0.9716111023777856,,
3.801864406779661,2.9198504435021375,,,0.9721406611353771,,
3.8415254237288137,2.958416883766722,,,0.9726555294539736,,
3.8811864406779666,2.99700345838086,,,0.9731562461223078,,
3.9208474576271186,3.0356096165099835,,,0.9736433254216976,,
3.9605084745762715,3.074234827244818,,,0.9741172584738393,,
4.0001694915254244,3.1128785787075697,,,0.9745785144720429,,
4.0398305084745765,3.151540377206329,,,0.9750275418396868,,
4.079491525423729,3.190219746433158,,,0.9754647693421603,,
4.119152542372881,3.2289162267066907,,,0.9758906071062299,,
4.158813559322034,3.2676293742510745,,,0.9763054475609962,,
4.198474576271186,3.3063587605132247,,,0.9767096663879329,,
4.238135593220339,3.3451039715170996,,,0.977103623350466,,
4.277796610169492,3.3838646072467875,,,0.9774876630853697,,
4.317457627118644,3.4226402810635324,,,0.9778621158804768,,
4.357118644067797,3.4614306191505264,,,0.9782272983832669,,
4.396779661016949,3.500235259986138,,,0.9785835142569965,,
4.436440677966102,3.539053853840742,,,0.9789310548320245,,
4.476101694915254,3.5778860623016278,,,0.9792701996992577,,
4.515762711864407,3.616731557816886,,,0.9796012172579225,,
4.55542372881356,3.655590023263782,,,0.9799243652694827,,
4.595084745762712,3.6944611515365673,,,0.9802398913493207,,
4.634745762711865,3.7333446451538634,,,0.9805480334446628,,
4.674406779661018,3.772240215884382,,,0.9808490202843032,,
4.71406779661017,3.8111475843899747,,,0.9811430718040839,,
4.753728813559322,3.8500664798851116,,,0.9814303995496587,,
4.793389830508475,3.8889966398118787,,,0.9817112070578276,,
4.833050847457628,3.9279378095296993,,,0.9819856902179538,,
4.87271186440678,3.9668897420189984,,,0.982254037614311,,
4.912372881355933,4.005852197598088,,,0.9825164308506373,,
4.952033898305086,4.044824943652575,,,0.9827730448582273,,
4.991694915254238,4.083807754376673,,,0.9830240481880921,,
5.03135593220339,4.122800410525799,2.077124388351213,,0.9832696032881856,,
5.071016949152543,4.161802699179873,2.2777570970394927,,0.9835098667669655,5.293811070033861,
5.1106779661016954,4.200814413516806,2.4970402494996646,,0.9837449896435047,5.791455720405914,
5.1503389830508475,4.239835352595661,2.7371471440140573,,0.9839751175853095,6.348344331068759,
5.19,4.278865321148996,3.000603833726813,2.216504689624431,0.9842011754371924,6.960925737665093,
5.1901,4.278963741294835,3.001300006534105,2.227047918871944,0.9842017393530114,6.962562980334042,105.74057661735424
5.190128356884212,4.278991650191858,3.001497449839951,2.230048871112032,0.9842018987037591,6.963036527486111,105.91580010117468
5.1901647548972445,4.2790274731891165,3.0017509015970636,2.2339080979170842,0.9842021032090997,6.963644443494559,106.14153961905686
5.190211474252688,4.279073454483137,3.0020762568056476,2.2388737408061545,0.9842023657147365,6.964424846937618,106.43227717224909
5.19027144176166,4.279132474657437,3.0024939260521033,2.24526743008745,0.9842027026497817,6.9654267149890075,106.80709081078567
5.1903484141877145,4.279208231143833,3.0030301213414625,2.253507192100951,0.9842031351072364,6.966712958335847,107.2908969747914
5.1904472135955,4.279305469858144,3.0037185100239143,2.264138243124359,0.9842036901864049,6.968364394082528,107.9163945579503
5.190574029436953,4.279430282522451,3.00460234344643,2.2778748664653463,0.9842044026136136,6.970484870232212,108.72675991646247
5.190736806299729,4.279590488301862,3.0057371986707135,2.295658166883646,0.984205316994121,6.973207882349016,109.77944988900981
5.190945741609004,4.279796123666762,3.007194513242084,2.3187370779397964,0.9842064905387815,6.976705089046845,111.1516829166153
5.191213924462006,4.280060071173312,3.0090661480374727,2.3487842892756183,0.9842079966674646,6.981197343383428,112.94853651350786
5.191558155616109,4.280398866560596,3.011470286511082,2.3880661187199705,0.9842099295683511,6.98696898960543,115.31525874831641
5.192,4.280833734738605,3.0145590770602753,2.4396984092405214,0.9842124100496221,6.994386415336521,118.45661990087046
5.192567137684225,4.281391919588363,3.0185285588370934,2.508044607040117,0.9842155930418812,7.0039222475045335,122.66852370140214
5.193295097944884,4.282108390914861,3.023631594939151,2.5993585967851036,0.9842196771892304,7.016187012069395,128.39201166586963
5.1942294850537625,4.283028035542209,3.0301947929022486,2.7228691496231927,0.9842249171051662,7.031970781032669,136.3105320653175
5.19542883523319,4.2842084699053995,3.0386407552794203,2.892706573297123,0.9842316389854204,7.052298326039704,147.53702859569876
5.196968283754286,4.2857236504854574,3.0495175268347925,3.131548181953806,0.984240260563638,7.078502737849249,164.00108248375045
5.198944271909999,4.2876685085116755,3.063537876223977,3.4780678370345917,0.9842513162990372,7.11232468914443,189.33853270720732
5.201480588739058,4.290164899675577,3.081632210796098,4.00378088940046,0.9842654898411638,7.156067859287816,231.23416806279602
5.204736125994562,4.293369242240738,3.1050208590110864,4.85669398743314,0.9842836539883137,7.2127446061400065,308.9019053679173
5.208914832180064,4.297482323103173,3.135313544706876,6.39913207745161,0.984306921632367,7.286325618686817,485.84768529659516
5.214278489240117,4.302761887876672,3.1746498189006056,9.808688343096744,0.9843367101683498,7.382203917404382,1149.1116863677585
5.221163112322178,4.309538806539414,3.225900779092156,22.257049162687817,0.9843748190475026,7.507719042233475,
5.23,4.31823783197477,3.2929653900132516,,0.9844235324277975,7.6728668453985165,
5.24,4.328082342297777,3.3706412297166963,,0.9844778980526852,7.87780933513991,
5.354576271186441,4.440915417534219,4.4179520421999205,,0.9850810572099995,10.835280739035502,
5.469152542372882,4.553816171000815,5.853573358390599,,0.985654862845216,15.220657124718624,
5.583728813559322,4.666780735257393,7.905804318915091,,0.9861961764687877,22.5716851516663,
5.698305084745763,4.779805532117052,11.025932396535145,,0.9867074067346877,36.40636941637521,
5.812881355932204,4.8928872460888,16.248416429243797,,0.9871907430782052,67.88685561157394,
5.9274576271186445,5.006022800700397,26.582377953628047,,0.9876481792442178,173.57811359256735,
6.042033898305085,5.11920933733256,56.02428245926947,,0.988081533905401,2959.9560448549355,
6.156610169491525,5.232444196266514,704.8638309441086,,0.9884924688064132,,
6.271186440677966,5.345724899675996,,,0.9888825047350522,,
6.385762711864407,5.459049136334615,,,0.9892530356447509,,
6.500338983050847,5.572414747844079,,,0.9896053411398711,,
6.614915254237289,5.6858197162026,,,0.9899405975486602,,
6.729491525423729,5.799262152570484,,,0.9902598877783717,,
6.84406779661017,5.912740287096899,,,0.9905642100766379,,
6.958644067796611,6.02625245969313,,,0.990854485855106,,
7.073220338983051,6.139797111652169,,,0.9911315666807994,,
7.1877966101694915,6.253372778024053,,,0.9913962405350745,,
7.302372881355932,6.366978080669698,,,0.9916492374295878,,
7.416949152542373,6.4806117219231725,,,0.9918912344522433,,
7.531525423728814,6.594272478801806,,,0.9921228603009951,,
7.646101694915254,6.7079591977074,,,0.9923446993835725,,
7.760677966101695,6.821670789575805,,,0.9925572955092434,,
7.875254237288136,6.935406225424094,,,0.9927611552209221,,
7.989830508474577,7.049164532263718,,,0.992956750826,,
8.104406779661018,7.1629447893421885,,,0.9931445231338571,,
8.218983050847458,7.276746124683542,,,0.9933248839440054,,
8.3335593220339,7.390567711900206,,,0.9934982183078915,,
8.44813559322034,7.5044087672517215,,,0.9936648865872684,,
8.56271186440678,7.6182685469283395,,,0.9938252263325111,,
8.677288135593221,7.732146344540123,,,0.9939795539844312,,
8.791864406779661,7.846041488790534,,,0.9941281664534145,,
8.906440677966103,7.959953341327417,,,0.9942713425448915,,
9.021016949152543,8.073881294743193,,,0.9944093442562547,,
9.135593220338983,8.187824770723086,,,0.994542417991731,,
9.250169491525423,8.301783218323669,,,0.9946707956584646,,
9.364745762711864,8.415756112372282,,,0.9947946956785358,,
9.479322033898306,8.529742951977465,,,0.9949143239192111,,
9.593898305084746,8.643743259141564,,,0.9950298745492177,,
9.708474576271186,8.757756577467386,,,0.995141530827695,,
9.823050847457626,8.87178247095157,,,0.9952494658316127,,
9.937627118644068,8.985820522857955,,,0.9953538431273259,,
10.05220338983051,9.099870334664818,,,0.9954548173909146,,
10.16677966101695,9.213931525080413,,,0.9955525349819254,,
10.28135593220339,9.328003729121692,,,0.9956471344743321,,
10.39593220338983,9.442086597251478,,,0.9957387471482306,,
10.510508474576271,9.556179794569898,,,0.9958274974472587,,
10.625084745762713,9.670283000056344,,,0.9959135033929272,,
10.739661016949153,9.784395905855868,,,0.995996876998106,,
10.854237288135593,9.898518216615908,,,0.9960777246129169,,
10.968813559322033,10.012649648851912,,,0.9961561472597324,,
11.083389830508475,10.126789930360852,,,0.9962322409722262,,
11.197966101694917,10.240938799664534,,,0.9963060970722282,,
11.312542372881357,10.355096005486555,,,0.996377802448599,,
11.427118644067797,10.469261306259533,,,0.9964474398128971,,
11.541694915254237,10.583434469660627,,,0.9965150879380289,,
11.656271186440678,10.697615272173469,,,0.9965808218812882,,
11.77084745762712,10.811803498674783,,,0.9966447131926941,,
11.88542372881356,10.925998942044066,,,0.9967068301098436,,
12.0,11.040201402794867,,,0.9967374532984228,,
